match_status,match_type,crops_page,crops_title,melody_page,melody_title
both,exact,7,AC_CENT_TCHU_ATE_THE_POSITIVE,10,AC_CENT_TCHU_ATE_THE_POSITIVE
both,exact,7,ACHIN_HEARTED_BLUES,11,ACHIN_HEARTED_BLUES
both,exact,8,AFTERNOON_IN_PARIS,12,AFTERNOON_IN_PARIS
both,exact,8,AFTER_YOU_VE_GONE,13,AFTER_YOUVE_GONE
both,exact,8,AGGRAVATIN_PAPA,15,AGGRAVATIN_PAPA
both,exact,9,AGAIN,14,AGAIN
both,exact,9,AH_LEU_CHA,14,AH_LEU_CHA
both,exact,9,AIN_T_CHA_GLAD,16,AINT_CHA_GLAD
both,exact,9,AIN_T_MISBEHAVIN,17,AINT_MISBEHAVIN
both,exact,10,AIREGIN,19,AIREGIN
both,exact,10,AIR_MAIL_SPECIAL,19,AIR_MAIL_SPECIAL
both,exact,10,ALABAMA_JUBILEE,20,ALABAMA_JUBILEE
both,exact,11,ALABAMY_BOUND,21,ALABAMY_BOUND
both,exact,11,ALEXANDER_S_RAGTIME_BAND,22,ALEXANDERS_RAGTIME_BAND
both,exact,11,ALL_ALONE,23,ALL_ALONE
both,exact,12,ALICE_BLUE_GOWN,23,ALICE_BLUE_GOWN
both,exact,12,ALL_GOD_S_CHILLUN_GOT_RHYTHM,25,ALL_GODS_CHILLUN_GOT_RHYTHM
both,exact,12,ALL_I_DO_IS_DREAM_OF_YOU,25,ALL_I_DO_IS_DREAM_OF_YOU
both,exact,13,ALLIGATOR_CRAWL,24,ALLIGATOR_CRAWL
both,exact,13,ALL_MY_LIFE,26,ALL_MY_LIFE
both,exact,13,ALL_OF_ME,26,ALL_OF_ME
both,exact,14,ALL_OF_YOU,27,ALL_OF_YOU
both,exact,14,ALL_OR_NOTHING_AT_ALL,27,ALL_OR_NOTHING_AT_ALL
both,exact,14,ALL_TOO_SOON,30,ALL_TOO_SOON
both,exact,15,ALL_THAT_MEAT_AND_NO_POTATOES,28,ALL_THAT_MEAT_AND_NO_POTATOES
both,exact,15,ALL_THE_THINGS_YOU_ARE,28,ALL_THE_THINGS_YOU_ARE
both,fuzzy:0.96,15,ALL_THE_WRONGS_YOU_VE_DONE_TO_ME,603,OF_ALL_THE_WRONGS_YOUVE_DONE_TO_ME
both,exact,15,ALL_THROUGH_THE_NIGHT,29,ALL_THROUGH_THE_NIGHT
both,exact,16,ALMOST_LIKE_BEING_IN_LOVE,30,ALMOST_LIKE_BEING_IN_LOVE
both,exact,16,ALONE,31,ALONE
both,exact,16,ALONE_TOGETHER,31,ALONE_TOGETHER
both,fuzzy:0.97,16,ALL_RIGHT_OKAY_YOU_WIN,32,ALRIGHT_OKAY_YOU_WIN
both,exact,17,ALWAYS,32,ALWAYS
both,exact,17,AMAPOLA,33,AMAPOLA
both,exact,17,AMERICAN_PATROL,34,AMERICAN_PATROL
both,exact,18,AM_I_BLUE,36,AM_I_BLUE
both,exact,18,AMONG_MY_SOUVENIRS,35,AMONG_MY_SOUVENIRS
both,exact,18,ANCHORS_AWEIGH,35,ANCHORS_AWEIGH
both,exact,19,AND_THE_ANGELS_SING,37,AND_THE_ANGELS_SING
both,exact,19,ANGEL_EYES,37,ANGEL_EYES
both,exact,19,ANGRY,38,ANGRY
both,exact,20,ANNIE_LAURIE,38,ANNIE_LAURIE
both,exact,20,ANTHROPOLOGY,39,ANTHROPOLOGY
both,exact,20,ANYTHING_GOES,39,ANYTHING_GOES
both,exact,20,APEX_BLUES,40,APEX_BLUES
both,exact,21,APRIL_IN_PARIS,40,APRIL_IN_PARIS
both,exact,21,APRIL_SHOWERS,41,APRIL_SHOWERS
both,exact,21,ARKANSAS_BLUES,41,ARKANSAS_BLUES
both,exact,21,ASK_ME_NOW,42,ASK_ME_NOW
both,exact,22,AS_LONG_AS_I_LIVE,42,AS_LONG_AS_I_LIVE
both,exact,22,AS_TIME_GOES_BY,43,AS_TIME_GOES_BY
both,exact,22,AT_A_GEORGIA_CAMP_MEETING,43,AT_A_GEORGIA_CAMP_MEETING
both,exact,25,AVALON,44,AVALON
both,exact,26,AZURE,44,AZURE
both,exact,26,AIN_T_SHE_SWEET,18,AINT_SHE_SWEET
both,exact,27,BABY,45,BABY
both,exact,27,BABY_BROWN,46,BABY_BROWN
both,exact,27,BABY_FACE,47,BABY_FACE
both,exact,28,BABY_IT_S_COLD_OUTSIDE,48,BABY_IT_S_COLD_OUTSIDE
both,exact,28,BABY_WON_T_YOU_PLEASE_COME_HOME,46,BABY_WONT_YOU_PLEASE_COME_HOME
both,exact,28,BACK_BAY_SHUFFLE,49,BACK_BAY_SHUFFLE
both,exact,29,BACK_IN_YOUR_OLD_BACKYARD,50,BACK_IN_YOUR_OLD_BACKYARD
both,exact,29,BACK_WATER_BLUES,50,BACK_WATER_BLUES
both,exact,29,BAGS_GROOVE,51,BAGS_GROOVE
both,exact,29,BALLIN_THE_JACK,51,BALLIN_THE_JACK
both,exact,29,BARBADOS,53,BARBADOS
both,exact,30,BALTIMORE,52,BALTIMORE
both,exact,30,BASIN_STREET_BLUES,53,BASIN_STREET_BLUES
both,exact,30,BATTLE_HYMN_OF_THE_REPUBLIC,54,BATTLE_HYMN_OF_THE_REPUBLIC
both,exact,31,BAUBLES_BANGLES_AND_BEADS,54,BAUBLES_BANGLES_AND_BEADS
both,exact,31,BEALE_STREET_BLUES,55,BEALE_STREET_BLUES
both,exact,31,BEALE_STREET_MAMA,56,BEALE_STREET_MAMA
both,exact,32,BEAU_KOO_JACK,57,BEAU_KO0_JACK
both,exact,32,BEAUTIFUL_LOVE,58,BEAUTIFUL_LOVE
both,exact,32,BE_BOP,59,BEBOP
both,exact,33,BECAUSE_OF_YOU,58,BECAUSE_OF_YOU
both,exact,33,BEGIN_THE_BEGUINE,60,BEGIN_THE_BEGUINE
both,exact,34,BEI_MIR_BIST_DU_SCHOEN,61,BEI_MIR_BIST_DU_SCHOEN
both,exact,34,BELIEVE_IT_BELOVED,62,BELIEVE_IT_BELOVED
both,exact,34,BEMSHA_SWING,62,BEMSHA_SWING
both,exact,34,BE_MY_LOVE,63,BE_MY_LOVE
both,exact,35,BERNIE_S_TUNE,63,BERNIES_TUNE
both,exact,35,BESAME_MUCHO,64,BESAME_MUCHO
both,fuzzy:0.95,35,BESSIE_COULDN_T_HELP_IT,64,BESSIE_COUDLN_T_HELP_IT
both,exact,35,BEST_THINGS_IN_LIFE_ARE_FREE_THE,65,BEST_THINGS_IN_LIFE_ARE_FREE
both,exact,36,BETWEEN_THE_DEVIL_AND_THE_DEEP_BLUE_SEA,65,BETWEEN_THE_DEVIL_AND_THE_DEEP_BLUE_SEA
both,exact,36,BEWITCHED,66,BEWITCHED
both,exact,36,BEYOND_THE_BLUE_HORIZON,66,BEYOND_THE_BLUE_HORIZON
both,exact,37,BIDIN_MY_TIME,67,BIDIN_MY_TIME
both,exact,37,BIG_BUTTER_AND_EGG_MAN,67,BIG_BUTTER_AND_EGG_MAN
both,exact,37,BIG_NOISE_FROM_WINNETKA,68,BIG_NOISE_FROM_WINNETKA
both,exact,38,BILLIES_BOUNCE,69,BILLIES_BOUNCE
both,exact,38,BILL_BAILEY,68,BILL_BAILEY
both,fuzzy:0.96,38,BIRDS_FEATHERS,70,BIRD_FEATHERS
both,manual,38,BILLY_BOY,69,BILLIE_BOY
both,exact,39,BIRKS_WORKS,70,BIRKS_WORKS
both,exact,39,BIRTH_OF_THE_BLUES,71,BIRTH_OF_THE_BLUES
both,exact,39,BLACK_AND_TAN_FANTASY,73,BLACK_AND_TAN_FANTASY
both,exact,40,BLACK_AND_BLUE,72,BLACK_AND_BLUE
both,exact,40,BLACK_BEAUTY,74,BLACK_BEAUTY
both,exact,40,BLACK_SNAKE_BLUES,78,BLACK_SNAKE_BLUES
both,exact,41,BLACK_BOTTOM,75,BLACK_BOTTOM
both,exact,41,BLACK_BOTTOM_STOMP,76,BLACK_BOTTOM_STOMP
both,exact,42,BLACK_COFFEE,77,BLACK_COFFEE
both,exact,42,BLUE,82,BLUE
both,exact,43,BLAME_IT_ON_THE_BLUES,79,BLAME_IT_ON_THE_BLUES
both,exact,43,BLUE_AGAIN,82,BLUE_AGAIN
both,exact,43,BLUE_AND_SENTIMENTAL,81,BLUE_AND_SENTIMENTAL
both,exact,44,BLUE_BECAUSE_OF_YOU,81,BLUE_BECAUSE_OF_YOU
both,exact,44,BLUEBERRY_HILL,80,BLUEBERRY_HILL
both,exact,44,BLUE_CHAMPAGNE,80,BLUE_CHAMPAGNE
both,exact,44,BLUE_INTERLUDE,83,BLUE_INTERLUDE
both,exact,45,BLUE_LOU,83,BLUE_LOU
both,exact,45,BLUE_MONK,88,BLUE_MONK
both,exact,45,BLUE_MOON,88,BLUE_MOON
both,exact,45,BLUE_N_BOOGIE,88,BLUE_N_BOOGIE
both,exact,45,BLUE_ORCHIDS,84,BLUE_ORCHIDS
both,exact,46,BLUE_PRELUDE,84,BLUE_PRELUDE
both,exact,46,BLUE_RIVER,85,BLUE_RIVER
both,exact,46,BLUE_ROOM,87,BLUE_ROOM
both,exact,47,BLUESETTE,87,BLUESETTE
both,exact,47,BLUES_IN_MY_HEART,89,BLUES_IN_MY_HEART
both,exact,47,BLUES_IN_THE_AIR,89,BLUES_IN_THE_AIR
both,exact,48,BLUES_IN_THE_CLOSET,90,BLUES_IN_THE_CLOSET
both,exact,48,BLUES_IN_THE_NIGHT,91,BLUES_IN_THE_NIGHT
both,exact,48,BLUE_SKIES,90,BLUE_SKIES
both,exact,48,BLUES_MARCH,92,BLUES_MARCH
both,fuzzy:1.00,49,BLUES_MY_NAUGHTY,92,BLUES_MY_NAUGHTY_SWEETIE
both,exact,49,BLUE_TURNING_GREY_OVER_YOU,86,BLUE_TURNING_GREY_OVER_YOU
both,exact,49,BLUIN_THE_BLUES,95,BLUIN_THE_BLUES
both,exact,50,BLUESOLOGY,86,BLUESOLOGY
both,exact,50,BODY_AND_SOUL,96,BODY_AND_SOUL
both,exact,50,BOHEMIA_AFTER_DARK,96,BOHEMIA_AFTER_DARK
both,exact,51,BOUNCING_WITH_BUD,97,BOUNCING_WITH_BUD
both,exact,52,BREEZE_AND_I_THE,99,THE_BREEZE_AND_I
both,exact,52,BREEZIN_ALONG_WITH_THE_BREEZE,99,BREEZIN_ALONG_WITH_THE_BREEZE
both,exact,52,BROADWAY,100,BROADWAY
both,exact,53,BROTHER_CAN_YOU_SPARE_A_DIME,100,BROTHER_CAN_YOU_SPARE_A_DIME
both,exact,53,BROWN_SUGAR,101,BROWN_SUGAR
both,exact,53,BUDDY_BOLDEN_S_BLUES,101,BUDDY_BOLDENS_BLUES
both,exact,54,BUDDY_S_HABITS,102,BUDDYS_HABITS
both,exact,54,BUDO,103,BUDO
both,exact,55,BUGLE_BOY_MARCH,104,BUGLE_BOY_MARCH
both,exact,55,BUGLE_CALL_RAG,103,BUGLE_CALL_RAG
both,exact,55,BUTTON_UP_YOUR_OVERCOAT,106,BUTTON_UP_YOUR_OVERCOAT
both,exact,56,BUT_BEAUTIFUL,105,BUT_BEAUTIFUL
both,exact,56,BUT_NOT_FOR_ME,105,BUT_NOT_FOR_ME
both,exact,56,BUZZY,106,BUZZY
both,exact,56,BYE_BYE_BLACKBIRD,110,BYE_BYE_BLACKBIRD
both,exact,57,BYE_BYE_BLUES,110,BYE_BYE_BLUES
both,exact,57,BY_THE_BEAUTIFUL_SEA,107,BY_THE_BEAUTIFUL_SEA
both,exact,57,BY_THE_LIGHT_OF_THE_SILVERY_MOON,108,BY_THE_LIGHT_OF_THE_SILVERY_MOON
both,exact,58,BY_THE_RIVER_SAINTE_MARIE,107,BY_THE_RIVER_SAINTE_MARIE
both,exact,58,BY_THE_WATERS_OF_MINNETONKA,109,BY_THE_WATERS_OF_MINNETONKA
both,exact,59,CAKEWALKING_BABIES_FROM_HOME,112,CAKEWALKING_BABIES_FROM_HOME
both,exact,59,CALDONIA,113,CALDONIA
both,fuzzy:0.89,59,CALIFORNIA_HERE_I_AM,113,CALIFORNIA_HERE_I_COME
both,exact,59,CALL_ME_DARLING,114,CALL_ME_DARLING
both,exact,60,CALL_ME_IRRESPONSIBLE,114,CALL_ME_IRRESPONSIBLE
both,exact,60,CALL_OF_THE_FREAKS,115,CALL_OF_THE_FREAKS
both,exact,60,CAMP_MEETING_BLUES,115,CAMP_MEETING_BLUES
both,exact,60,CANAL_STREET_BLUES,118,CANAL_STREET_BLUES
both,exact,61,CANADIAN_CAPERS,116,CANADIAN_CAPERS
both,exact,62,CANADIAN_SUNSET,117,CANADIAN_SUNSET
both,exact,62,CANDY_LIPS,119,CANDY_LIPS
both,exact,62,CAN_T_HELP_LOVIN_DAT_MAN,121,CANT_HELP_LOVIN_DAT_MAN
both,exact,63,CANNONBALL_BLUES,120,CANNONBALL_BLUES
both,exact,63,CAN_T_WE_BE_FRIENDS,121,CANT_WE_BE_FRIENDS
both,exact,63,CARELESS_LOVE,123,CARELESS_LOVE
both,exact,64,CARAVAN,122,CARAVAN
both,exact,64,CARIOCA,125,CARIOCA
both,exact,64,CAROLINA_IN_THE_MORNING,123,CAROLINA_IN_THE_MORNING
both,fuzzy:0.92,65,CARRY_ME_BACK_TO_OLD_VIRGINIA,124,CARRY_ME_BACK_TO_OLD_VIRGINNY
both,exact,65,CASEY_JONES,124,CASEY_JONES
both,exact,65,CASTLE_ROCK,124,CASTLE_ROCK
both,exact,65,CAUSE_I_FEEL_LOWDOWN,126,CAUSE_I_FEEL_LOWDOWN
both,exact,66,CAUTION_BLUES,126,CAUTION_BLUES
both,exact,66,CELIA,127,CELIA
both,exact,66,CEMENT_MIXER,127,CEMENT_MIXER
both,exact,66,C_EST_SI_BON,128,CEST_SI_BON
both,exact,67,CHANGE_PARTNERS,129,CHANGE_PARTNERS
both,exact,67,CHANGES,130,CHANGES
both,exact,67,CHAMP,128,THE_CHAMP
both,exact,68,CHANT_THE,131,THE_CHANT
both,exact,68,CHARLEY_MY_BOY,133,CHARLEY_MY_BOY
both,exact,69,CHARLESTON,132,CHARLESTON
both,exact,69,CHARMAINE,134,CHARMAINE
both,exact,69,CHASING_SHADOWS,134,CHASING_SHADOWS
both,exact,70,CHATTANOOGA_CHOO_CHOO,136,CHATTANOOGA_CHOO_CHOO
both,exact,70,CHATTANOOGA_STOMP,137,CHATTANOOGA_STOMP
both,exact,71,CHEATING_ON_ME,138,CHEATING_ON_ME
both,exact,71,CHEEK_TO_CHEEK,138,CHEEK_TO_CHEEK
both,exact,71,CHELSEA_BRIDGE,139,CHELSEA_BRIDGE
both,exact,71,CHERRY,140,CHERRY
both,exact,72,CHEROKEE,139,CHEROKEE
both,exact,72,CHERRY_RED,140,CHERRY_RED
both,exact,72,CHERYL,140,CHERYL
both,exact,72,CHICAGO,143,CHICAGO
both,exact,73,CHICAGO_BREAKDOWN,142,CHICAGO_BREAKDOWN
both,exact,73,CHLOE,145,CHLOE
both,exact,74,CHINA_BOY,144,CHINA_BOY
both,exact,74,CHINATOWN_MY_CHINATOWN,145,CHINATOWN_MY_CHINATOWN
both,fuzzy:0.95,74,CHRISTOPHER_COLOMBUS,146,CHRISTOPHER_COLUMBUS
both,exact,75,CIRIBIRIBIN,146,CIRIBIRIBIN
both,exact,75,CLARINET_MARMELADE,148,CLARINET_MARMELADE
both,exact,76,CLAP_HANDS_HERE_COMES_CHARLEY,111,CLAP_HANDS_HERE_COMES_CHARLEY
both,exact,77,CLOSE_YOUR_EYES,149,CLOSE_YOUR_EYES
both,exact,77,COAL_CART_BLUES,150,COAL_CART_BLUES
both,exact,78,COCKTAILS_FOR_TWO,151,COCKTAILS_FOR_TWO
both,exact,78,COME_BACK_SWEET_PAPA,152,COME_BACK_SWEET_PAPA
both,exact,79,COME_ON_AND_STOMP_STOMP_STOMP,153,COME_ON_AND_STOMP_STOMP_STOMP
both,exact,79,COME_RAIN_OR_COME_SHINE,154,COME_RAIN_OR_COME_SHINE
both,exact,79,CON_ALMA,155,CON_ALMA
both,exact,80,COME_SUNDAY,154,COME_SUNDAY
both,exact,80,CONEY_ISLAND_WASHBOARD,155,CONEY_ISLAND_WASHBOARD
both,exact,80,CONFIRMATION,156,CONFIRMATION
both,exact,80,COOL_BLUES,158,COOL_BLUES
both,exact,81,CONTINENTAL_THE,157,CONTINENTAL
both,exact,82,COPENHAGEN,158,COPENHAGEN
both,exact,82,COQUETTE,160,COQUETTE
both,exact,82,CORCOVADO,159,CORCOVADO
both,exact,83,CORNER_POCKET,160,CORNER_POCKET
both,fuzzy:0.93,83,CORNET_SHOP_SUEY,161,CORNET_CHOP_SUEY
both,fuzzy:1.00,83,COTTAGE_FOR_SALE_A,162,COTTAGE_FOR_SALE
both,exact,84,COTTON_TAIL,163,COTTON_TAIL
both,exact,84,CRAZEOLOGY,163,CRAZEOLOGY
both,exact,84,CRAZY_QUILT,165,CRAZY_QUILT
both,exact,85,CRAZY_RHYTHM,166,CRAZY_RHYTHM
both,exact,85,CRAZY_WORDS_CRAZY_TUNE,164,CRAZY_WORDS_CRAZY_TUNE
both,exact,86,CREOLE_LOVE_CALL,168,CREOLE_LOVE_CALL
both,exact,86,CRYING_FOR_THE_CAROLINES,168,CRYING_FOR_THE_CAROLINES
both,exact,86,CRY_ME_A_RIVER,169,CRY_ME_A_RIVER
both,exact,87,CUSHION_FOOT_STOMP,171,CUSHION_FOOT_STOMP
both,exact,87,CUTE,170,CUTE
both,exact,88,CURSE_OF_AN_ACHING_HEART_THE,170,CURSE_OF_AN_ACHING_HEART
both,exact,88,CHIMES_BLUES,144,CHIMES_BLUES
both,exact,89,DAAHOUD,172,DAAHOUD
both,exact,89,DALLAS_BLUES,172,DALLAS_BLUES
both,exact,89,DANCE_OF_THE_INFIDELS,174,DANCE_OF_THE_INFIDELS
both,fuzzy:0.92,89,DAPHNE,177,DAPHINE
both,fuzzy:0.97,90,DANCING_IN_THE_DARK,174,DANING_IN_THE_DARK
both,exact,90,DANCING_ON_THE_CEILING,175,DANCING_ON_THE_CEILING
both,exact,90,DANNY_BOY,175,DANNY_BOY
both,exact,91,DANS_LES_RUES_D_ANTIBES,176,DANS_LES_RUES_DANTIBES
both,exact,91,DARKTOWN_STRUTTER_S_BALL_THE,179,DARKTOWN_STRUTTERS_BALL
both,exact,92,DARDANELLA,177,DARDANELLA
both,exact,92,DARK_EYES,178,DARK_EYES
both,fuzzy:1.00,92,DARKNESS_ON_THE_DELTA_WHEN_IT_S,178,DARKNESS_ON_THE_DELTA
both,exact,92,DARLING_JE_VOUS_AIME_BEAUCOUP,179,DARLING_JE_VOUS_AIME_BEAUCOUP
both,fuzzy:1.00,93,DARLING_NELLY,180,DARLING_NELLY_GRAY
both,exact,93,DARN_THAT_DREAM,180,DARN_THAT_DREAM
both,exact,93,DAVENPORT_BLUES,181,DAVENPORT_BLUES
both,exact,94,DAY_BY_DAY,182,DAY_BY_DAY
both,exact,94,DAY_DREAM,182,DAY_DREAM
both,exact,94,DAY_IN_DAY_OUT,183,DAY_IN_DAY_OUT
both,exact,95,DAYS_OF_WINE_AND_ROSES,184,DAYS_OF_WINE_AND_ROSES
both,exact,95,DEAD_MAN_BLUES,184,DEAD_MAN_BLUES
both,exact,95,DEARLY_BELOVED,185,DEARLY_BELOVED
both,exact,95,DEAR_OLD_SOUTHLAND,185,DEAR_OLD_SOUTHLAND
both,exact,96,DEEP_HENDERSON,188,DEEP_HENDERSON
both,exact,97,DEED_I_DO,187,DEED_I_DO
both,exact,97,DEEP_IN_A_DREAM,189,DEEP_IN_A_DREAM
both,exact,97,DEEP_IN_THE_HEART_OF_TEXAS,190,DEEP_IN_THE_HEART_OF_TEXAS
both,exact,97,DEEP_PURPLE,189,DEEP_PURPLE
both,exact,97,DEEP_RIVER,190,DEEP_RIVER
both,exact,98,DESAFINADO,191,DESAFINADO
both,exact,98,DETOUR_AHEAD,192,DETOUR_AHEAD
both,exact,98,DIG,193,DIG
both,exact,99,DIANE,191,DIANE
both,exact,99,DID_I_REMEMBER,192,DID_I_REMEMBER
both,exact,99,DIGA_DIGA_DOO,194,DIGA_DIGA_DOO
both,exact,100,DINAH,195,DINAH
both,exact,100,DIPPERMOUTH_BLUES,196,DIPPERMOUTH_BLUES
both,exact,100,DIPSY_DOODLE_THE,196,DIPSY_DOODLE
both,exact,101,DIRTY_DOZENS,197,DIRTY_DOZENS
both,exact,101,DIXIE,197,DIXIE
both,exact,101,DJANGO,198,DJANGO
both,exact,102,DIZZY_ATMOSPHERE,198,DIZZY_ATMOSPHERE
both,exact,102,DJANGOLOGY,200,DJANGOLOGY
both,exact,102,DOCTOR_JAZZ,203,DOCTOR_JAZZ
both,fuzzy:0.98,102,DO_NOTHING_TILL_YOU_HEAR_FROM_ME,199,DO_NOTHIN_TILL_YOU_HEAR_FROM_ME
both,exact,103,DOIN_THE_NEW_LOW_DOWN,200,DOIN_THE_NEW_LOW_DOWN
both,exact,103,DONNA_LEE,204,DONNA_LEE
both,exact,103,DON_T_BLAME_ME,205,DONT_BLAME_ME
both,exact,104,DOLPHIN_DANCE,199,DOLPHIN_DANCE
both,exact,104,DON_T_BE_THAT_WAY,204,DONT_BE_THAT_WAY
both,exact,104,DON_T_EXPLAIN,205,DONT_EXPLAIN
both,exact,104,DON_T_GET_AROUND_MUCH_ANYMORE,207,DONT_GET_AROUND_MUCH_ANYMORE
both,exact,105,DON_T_FORGET_TO_MESS_AROUND,206,DONT_FORGET_TO_MESS_AROUND
both,exact,105,DON_T_TAKE_YOUR_LOVE_FROM_ME,207,DONT_TAKE_YOUR_LOVE_FROM_ME
both,exact,105,DON_T_WORRY_BOUT_ME,208,DONT_WORRY_BOUT_ME
both,exact,106,DON_T_YOU_KNOW_I_CARE,208,DONT_YOU_KNOW_I_CARE
both,exact,106,DON_T_YOU_LEAVE_ME_HERE,209,DONT_YOU_LEAVE_ME_HERE
both,exact,106,DO_SOMETHING,201,DO_SOMETHING
both,exact,106,DOODLIN,209,DOODLIN
both,fuzzy:0.86,107,DOWN_AMONG_THE_SHELTERING_PALMS,210,DOWN_BY_THE_SHELTERING_PALMS
both,exact,107,DOWN_BY_THE_OLD_MILLSTREAM,210,DOWN_BY_THE_OLD_MILLSTREAM
both,exact,107,DOWN_BY_THE_RIVERSIDE,211,DOWN_BY_THE_RIVERSIDE
both,exact,108,DOWN_HEARTED_BLUES,211,DOWN_HEARTED_BLUES
both,exact,108,DOWN_HOME_RAG,212,DOWN_HOME_RAG
both,exact,108,DOXY,214,DOXY
both,fuzzy:0.97,109,DOWN_IN_HONKY_TONK_TOWN,213,DOWN_IN_HONKY_TONKY_TOWN
both,exact,109,DOWN_IN_JUNGLE_TOWN,213,DOWN_IN_JUNGLE_TOWN
both,exact,110,DOWN_WHERE_THE_SUN_GOES_DOWN,214,DOWN_WHERE_THE_SUN_GOES_DOWN
both,fuzzy:0.96,110,DO_YOU_KNOW_WHAT_IT_MEANS_TO_MISS_NEW_ORLEANS,202,DO_YOU_KNOW_WHEAT_IT_MEANS_TO
both,exact,110,DREAM,202,DREAM
both,exact,110,DREAM_A_LITTLE_DREAM_OF_ME,215,DREAM_A_LITTLE_DREAM_OF_ME
both,exact,111,DREAM_OF_YOU,215,DREAM_OF_YOU
both,exact,111,DROP_ME_OFF_IN_HARLEM,217,DROP_ME_OFF_IN_HARLEM
both,exact,111,DUKE_THE,217,DUKE
both,exact,111,DUSKY_STEVEDORE,218,DUSKY_STEVEDORE
both,fuzzy:0.91,112,EARLY_AUTUMN,220,FARLY_AUTUMN
both,exact,112,EASTER_PARADE,222,EASTER_PARADE
both,exact,112,EAST_OF_THE_SUN,220,EAST_OF_THE_SUN
both,exact,112,EASY_DOES_IT,223,EASY_DOES_IT
both,fuzzy:0.97,113,EAST_ST_LOUIS_TOODLE_O,221,EAST_ST_LOUIS_TOODLE_DO
both,exact,113,EASY_RIDER_BLUES,224,EASY_RIDER_BLUES
both,exact,114,EASY_LIVING,223,EASY_LIVING
both,exact,114,ECAROH,226,ECAROH
both,exact,115,EASY_TO_LOVE,225,EASY_TO_LOVE
both,exact,115,EBB_TIDE,225,EBB_TIDE
both,fuzzy:1.00,115,ECCENTRIC,227,ECCENTRIC_RAG
both,exact,116,ECHOES_OF_HARLEM,228,ECHOES_OF_HARLEM
both,exact,116,EENY_MEENY_MINEY_MO,229,EENY_MEENY_MINEY_MO
both,exact,116,EGYPTIAN_FANTASY,229,EGYPTIAN_FANTASY
both,exact,116,EH_LA_BAS,230,EH_LA_BAS
both,exact,117,EMALINE,230,EMALINE
both,exact,117,EMBRACEABLE_YOU,232,EMBRACEABLE_YOU
both,exact,117,EMPTY_BED_BLUES,232,EMPTY_BED_BLUES
both,exact,117,END_OF_A_LOVE_AFFAIR,232,END_OF_A_LOVE_AFFAIR
both,exact,118,ENTERTAINER_THE,234,ENTERTAINER
both,exact,118,EVERYBODY_LOVES_MY_BABY,235,EVERYBODY_LOVES_MY_BABY
both,exact,119,EPISTROPHY,236,EPISTROPHY
both,exact,119,EVERYTHING_BUT_YOU,236,EVERYTHING_BUT_YOU
both,exact,119,EVERYTHING_HAPPENS_TO_ME,235,EVERYTHING_HAPPENS_TO_ME
both,exact,119,EVERYTHING_I_HAVE_IS_YOURS,231,EVERYTHING_I_HAVE_IS_YOURS
both,exact,120,EVERYTIME_I_FEEL_THE_SPIRIT,231,EVERYTIME_I_FEEL_THE_SPIRIT
both,exact,120,EVERYTIME_WE_SAY_GOODBYE,237,EVERYTIME_WE_SAY_GOODBYE
both,exact,120,EXACTLY_LIKE_YOU,237,EXACTLY_LIKE_YOU
both,exact,120,EXODUS_SONG,238,EXODUS_SONG
both,exact,121,FALLING_IN_LOVE_WITH_LOVE,239,FALLING_IN_LOVE_WITH_LOVE
both,exact,121,FAREWELL_BLUES,240,FAREWELL_BLUES
both,exact,121,FASCINATING_RHYTHM,240,FASCINATING_RHYTHM
both,fuzzy:1.00,121,FIFTY_SECOND,242,FIFTY_SECOND_STREET_THEME
both,exact,122,FIDGETY_FEET,241,FIDGETY_FEET
both,exact,122,FINE_AND_DANDY,242,FINE_AND_DANDY
both,fuzzy:1.00,123,FINE_ROMANCE_A,243,FINE_ROMANCE
both,exact,123,FIREWORKS,244,FIREWORKS
both,exact,124,FIVE_FOOT_TWO_EYES_OF_BLUE,245,FIVE_FOOT_TWO_EYES_OF_BLUE
both,exact,124,FLAMINGO,245,FLAMINGO
both,exact,124,FLAT_FOOT_FLOODGEE,246,FLAT_FOOT_FLOODGEE
both,exact,124,FLEE_AS_A_BIRD,586,FLEE_AS_A_BIRD
both,fuzzy:1.00,124,FLOWER_IS_A_LOVESOME_THING_A,246,FLOWER_IS_A_LOVESOME_THING
both,exact,125,FLYING_HOME,247,FLYING_HOME
both,exact,125,FLY_ME_TO_THE_MOON,247,FLY_ME_TO_THE_MOON
both,fuzzy:1.00,126,FOGGY_DAY_A,248,FOGGY_DAY
both,exact,126,FOLKS_WHO_LIVE_ON_THE_HILL_THE,249,FOLKS_WHO_LIVE_ON_THE_HILL
both,fuzzy:0.96,126,FOR_DANCERS_ONLY,250,FOR_DANCES_ONLY
both,exact,127,FOR_HEAVEN_S_SAKE,251,FOR_HEAVENS_SAKE
both,fuzzy:0.95,127,FOR_SENTIMENTAL_REASON_I_LOVE_YOU,252,FOR_SENTIMENTAL_REASONS
both,exact,128,FOR_LENA_AND_LENNY,251,FOR_LENA_AND_LENNY
both,fuzzy:1.00,128,FORTY_AND_TIGHT_FOUR,253,FORTY_AND_TIGHT
both,exact,129,FOUR_BROTHERS,254,FOUR_BROTHERS
both,exact,129,FOUR_OR_FIVE_TIMES,254,FOUR_OR_FIVE_TIMES
both,exact,129,FRANKIE_AND_JOHNNY,256,FRANKIE_AND_JOHNNY
both,exact,129,FREEZE_AN_MELT,256,FREEZE_AN_MELT
both,exact,130,FOR_ME_AND_MY_GAL,252,FOR_ME_AND_MY_GAL
both,exact,130,FRENESI,257,FRENESI
both,exact,130,FRIENDLESS_BLUES,258,FRIENDLESS_BLUES
both,exact,131,FROG_I_MORE_RAG,259,FROG_I_MORE_RAG
both,exact,132,FROM_MONDAY_ON,258,FROM_MONDAY_ON
both,exact,132,FROM_THIS_MOMENT_ON,260,FROM_THIS_MOMENT_ON
both,exact,132,FULL_MOON_AND_EMPTY_ARMS,260,FULL_MOON_AND_EMPTY_ARMS
both,fuzzy:0.91,133,GAL_IN_CALICO_A,261,GAL_IN_GALICO
both,exact,133,GATEMOUTH,261,GATEMOUTH
both,exact,133,GEE_BABY_AIN_T_I_GOOD_TO_YOU,263,GEE_BABY_AIN_T_I_GOOD_TO_YOU
both,exact,133,GEORGIA_BOBO,263,GEORGIA_BOBO
both,exact,134,GEORGIA_GRIND,264,GEORGIA_GRIND
both,exact,134,GEORGIA_ON_MY_MIND,264,GEORGIA_ON_MY_MIND
both,exact,134,GET_HAPPY,262,GET_HAPPY
both,exact,135,GET_OUT_AND_GET_UNDER_THE_MOON,266,GET_OUT_AND_GET_UNDER_THE_MOON
both,exact,135,GET_OUT_OF_TOWN,262,GET_OUT_OF_TOWN
both,exact,135,GETTYSBURG_MARCH,267,GETTYSBURG_MARCH
both,exact,136,GIANT_STEPS,268,GIANT_STEPS
both,exact,136,GIRL_FROM_IPANEMA_THE,269,THE_GIRL_FROM_IPANEMA
both,exact,137,GIMME_A_PIGFOOT,268,GIMME_A_PIGFOOT
both,exact,137,GIRLS_GO_CRAZY_THE,271,GIRLS_GO_CRAZY
both,exact,137,GIRL_TALK,270,GIRL_TALK
both,exact,137,GLAD_RAG_DOLL,272,GLAD_RAG_DOLL
both,fuzzy:0.89,138,GIVE_ME_A_SIMPLE_LIFE,270,GIVE_ME_THE_SIMPLE_LIFE
both,exact,138,GIVE_ME_YOUR_TELEPHONE_NUMBER,271,GIVE_ME_YOUR_TELEPHONE_NUMBER
both,exact,139,GLORY_OF_LOVE_THE,273,GLORY_OF_LOVE
both,exact,139,GOD_CHILD,274,GODCHILD
both,exact,139,GO_DOWN_MOSES,274,GO_DOWN_MOSES
both,exact,140,GOD_BLESS_THE_CHILD,273,GOD_BLESS_THE_CHILD
both,exact,140,GOLDEN_EARRINGS,275,GOLDEN_EARRINGS
both,exact,140,GOOD_BAIT,277,GOOD_BAIT
both,exact,141,GONE_WITH_THE_WIND,275,GONE_WITH_THE_WIND
both,exact,141,GOOD_BYE,277,GOOD_BYE
both,exact,141,GOOD_LIFE_THE,278,GOOD_LIFE
both,exact,141,GOOD_MORNING_BLUES,279,GOOD_MORNING_BLUES
both,fuzzy:1.00,142,GOOD_MAN_IS_HARD_TO_FIND_A,279,GOOD_MAN_IS_HARD_TO_FIND
both,exact,142,GOOD_MORNING_HEARTACHE,276,GOOD_MORNING_HEARTACHE
both,exact,142,GOOD_QUEEN_BESS,280,GOOD_QUEEN_BESS
both,exact,142,GOOD_TIME_FLAT_BLUES,280,GOOD_TIME_FLAT_BLUES
both,exact,143,GOODY_GOODY,276,GOODY_GOODY
both,exact,143,GOOSE_PIMPLES,282,GOOSE_PIMPLES
both,exact,144,GRACE_AND_BEAUTY,283,GRACE_AND_BEAUTY
both,exact,144,GREEN_EYES,285,GREEN_EYES
both,exact,145,GRANDPA_S_SPELLS,284,GRANDPAS_SPELLS
both,exact,146,GUILTY,287,GUILTY
both,exact,146,GULF_COAST_BLUES,286,GULF_COAST_BLUES
both,exact,146,GYPSY_THE,287,GYPSY
both,exact,147,GULLY_LOW_BLUES,286,GULLY_LOW_BLUES
both,fuzzy:0.92,147,GYPSY_IN_MY_SOUL_THE,288,GIPSY_IN_MY_SOUL
both,exact,148,HALF_NELSON,289,HALF_NELSON
both,exact,148,HALLELUJAH,290,HALLELUJAH
both,fuzzy:0.93,148,HANDFUL_OF_STARS_A,291,HANDFULL_OF_STARS
both,fuzzy:0.97,148,HAND_ACROSS_THE_TABLE,291,HANDS_ACROSS_THE_TABLE
both,exact,149,HAPPINESS_IS_A_THING_CALLED_JOE,292,HAPPINESS_IS_A_THING_CALLED_JOE
both,exact,150,HAPPY_FEET,294,HAPPY_FEET
both,exact,150,HARD_HEARTED_HANNAH,295,HARD_HEARTED_HANNAH
both,exact,151,HAVE_YOU_EVER_FELT_THAT_WAY,296,HAVE_YOU_EVER_FELT_THAT_WAY
both,exact,151,HAVE_YOU_MET_MISS_JONES,297,HAVE_YOU_MET_MISS_JONES
both,exact,152,HEAH_ME_TALKIN_TO_YA,298,HEAH_ME_TALKIN_TO_YA
both,exact,152,HE_AIN_T_GOT_RHYTHM,300,HE_AINT_GOT_RHYTHM
both,exact,152,HEAT_WAVE,299,HEAT_WAVE
both,exact,153,HEARTACHES,300,HEARTACHES
both,exact,153,HEART_AND_SOUL,299,HEART_AND_SOUL
both,exact,153,HELLO_DOLLY,302,HELLO_DOLLY
both,exact,154,HEAVEN_HEAVEN,301,HEAVEN_HEAVEN
both,exact,154,HEEBIE_JEEBIES,301,HEEBIE_JEEBIES
both,exact,155,HELLO_YOUNG_LOVERS,303,HELLO_YOUNG_LOVERS
both,exact,155,HENDERSON_STOMP,304,HENDERSON_STOMP
both,exact,156,HERE_S_THAT_RAINY_DAY,305,HERES_THAT_RAINY_DAY
both,exact,157,HI_FLY,306,HI_FLY
both,exact,157,HIGH_SOCIETY,307,HIGH_SOCIETY
both,exact,158,HINDUSTAN,306,HINDUSTAN
both,exact,158,HONEYSUCKLE_ROSE,310,HONEYSUCKLE_ROSE
both,exact,159,HOLD_TIGHT_HOLD_TIGHT,308,HOLD_TIGHT_HOLD_TIGHT
both,exact,159,HONEY,309,HONEY
both,exact,159,HONKY_TONK_TRAIN_BLUES,310,HONKY_TONK_TRAIN_BLUES
both,exact,159,HOT_HOUSE,312,HOT_HOUSE
both,exact,160,HOT_LIPS,311,HOT_LIPS
both,exact,160,HOW_AM_I_TO_KNOW,315,HOW_AM_I_TO_KNOW
both,exact,160,HOTTER_THAN_THAT,313,HOTTER_THAN_THAT
both,exact,161,HOW_ABOUT_YOU,311,HOW_ABOUT_YOU
both,exact,161,HOW_COME_YOU_DO_ME_LIKE_YOU_DO,316,HOW_COME_YOU_DO_ME_LIKE_YOU_DO
both,exact,161,HOW_COULD_YOU,317,HOW_COULD_YOU
both,fuzzy:0.87,162,HOW_CAN_YOU_FALL_ME,316,HOW_CAN_YOU_FACE_ME
both,exact,162,HOW_COULD_I_BE_BLUE,317,HOW_COULD_I_BE_BLUE
both,exact,162,HOW_HIGH_THE_MOON,318,HOW_HIGH_THE_MOON
both,exact,162,HOW_LONG_HOW_LONG_BLUES,319,HOW_LONG_HOW_LONG_BLUES
both,exact,163,HOW_DEEP_IS_THE_OCEAN,318,HOW_DEEP_IS_THE_OCEAN
both,exact,163,HOW_INSENSITIVE,319,HOW_INSENSITIVE
both,exact,163,HOW_LONG_HAS_THIS_BEEN_GOING_ON,319,HOW_LONG_HAS_THIS_BEEN_GOING_ON
both,exact,164,HOW_M_I_DOIN,320,HOW_M_I_DOIN
both,exact,164,HULA_LOU,321,HULA_LOU
both,exact,164,HUMORESQUE,322,HUMORESQUE
both,fuzzy:1.00,165,HUNDRED_YEARS_FROM_TODAY_A,323,HUNDRED_YEARS_FROM_TODAY
both,exact,166,I_AIN_T_GONNA_GIVE_NOBODY_NONE_O_THIS_JELLY_ROLL,324,I_AIN_T_GONNA_GIVE_NOBODY_NONE_O_THIS_JELLY_ROLL
both,exact,166,I_AIN_T_GONNA_TELL_NOBODY,325,I_AINT_GONNA_TELL_NOBODY
both,exact,166,I_AIN_T_GOT_NOBODY,326,I_AINT_GOT_NOBODY
both,fuzzy:0.98,167,I_AIN_T_GOT_NOTHIN_BUT_THE_BLUES,325,I_AINT_GOT_NOTHING_BUT_THE_BLUES
both,exact,167,I_APOLOGIZE,327,I_APOLOGIZE
both,exact,167,I_BELIEVE_IN_MIRACLES,328,I_BELIEVE_IN_MIRACLES
both,exact,167,I_CAN_T_GIVE_YOU_ANYTHING_BUT_LOVE,329,I_CANT_GIVE_YOU_ANYTHING_BUT_LOVE
both,exact,168,I_CAN_T_BELIEVE_THAT_YOU_RE_IN_LOVE_WITH_ME,328,I_CAN_T_BELIEVE_THAT_YOU_RE_IN_LOVE_WITH_ME
both,fuzzy:1.00,168,I_CAN_T_DANCE,329,I_CAN_T_DANCE_I_GOT_ANTS_IN_MY_PANTS
both,exact,168,I_CAN_T_GET_STARTED_WITH_YOU,330,I_CANT_GET_STARTED_WITH_YOU
both,exact,168,ICE_CREAM,333,ICE_CREAM
both,exact,169,I_CAN_T_STOP_LOVING_YOU,330,I_CANT_STOP_LOVING_YOU
both,exact,169,I_CONCENTRATE_ON_YOU,332,I_CONCENTRATE_ON_YOU
both,fuzzy:0.98,170,I_COULD_HAVE_DANCE_ALL_NIGHT,333,I_COULD_HAVE_DANCED_ALL_NIGHT
both,exact,170,I_COULD_WRITE_A_BOOK,334,I_COULD_WRITE_A_BOOK
both,exact,170,I_COVER_THE_WATERFRONT,334,I_COVER_THE_WATERFRONT
both,exact,171,I_CRIED_FOR_YOU,336,I_CRIED_FOR_YOU
both,exact,171,I_DON_T_KNOW_WHY,337,I_DONT_KNOW_WHY
both,exact,171,IDA_SWEET_AS_APPLE_CIDER,336,IDA_SWEET_AS_APPLE_CIDER
both,exact,171,I_D_CLIMB_THE_HIGHEST_MOUNTAIN,373,ID_CLIMB_THE_HIGHEST_MOUNTAIN
both,exact,172,I_DIDN_T_KNOW_WHAT_TIME_IT_WAS,337,I_DIDNT_KNOW_WHAT_TIME_IT_WAS
both,exact,172,I_DOUBLE_DARE_YOU,339,I_DOUBLE_DARE_YOU
both,exact,173,I_DON_T_WANT_TO_SET_THE_WORLD_ON_FIRE,338,I_DONT_WANT_TO_SET_THE_WORLD_ON_FIRE
both,exact,173,I_DON_T_WANT_TO_WALK_WITHOUT_YOU,338,I_DONT_WANT_TO_WALK_WITHOUT_YOU
both,fuzzy:0.97,173,I_FALL_IN_LOVE_TOO_EASILY,339,I_FALL_IN_LOVE_TO_EASILY
both,exact,173,IF_I_HAD_YOU,376,IF_I_HAD_YOU
both,exact,174,IF_DREAMS_COME_TRUE,375,IF_DREAMS_COME_TRUE
both,exact,174,IF_I_COULD_BE_WITH_YOU,375,IF_I_COULD_BE_WITH_YOU
both,exact,174,IF_I_LOVE_AGAIN,376,IF_I_LOVE_AGAIN
both,exact,175,IF_I_SHOULD_LOSE_YOU,377,IF_I_SHOULD_LOSE_YOU
both,exact,175,IF_I_WERE_A_BELL,377,IF_I_WERE_A_BELL
both,exact,175,I_FOUND_A_MILLION_DOLLAR_BABY,340,I_FOUND_A_MILLION_DOLLAR_BABY
both,exact,175,IF_YOU_COULD_SEE_ME_NOW,340,IF_YOU_COULD_SEE_ME_NOW
both,exact,176,IF_YOU_KNEW_SUSIE,379,IF_YOU_KNEW_SUSIE
both,exact,176,IF_YOU_WERE_THE_ONLY_GIRL_IN_THE_WORLD,379,IF_YOU_WERE_THE_ONLY_GIRL_IN_THE_WORLD
both,exact,176,I_GOT_PLENTY_O_NUTTIN,343,I_GOT_PLENTY_O_NUTTIN
both,exact,177,I_GET_A_KICK_OUT_OF_YOU,341,I_GET_A_KICK_OUT_OF_YOU
both,exact,177,I_GOT_IT_BAD,344,I_GOT_IT_BAD
both,exact,178,I_GOT_RHYTHM,342,I_GOT_RHYTHM
both,exact,178,I_GOTTA_RIGHT_TO_SING_THE_BLUES,344,I_GOTTA_RIGHT_TO_SING_THE_BLUES
both,fuzzy:0.96,178,I_GUESS_I_HAVE_TO_CHANGE_MY_PLAN,342,I_GUESS_ILL_HAVE_TO_CHANGE_MY_PLAN
both,exact,178,I_HEAR_MUSIC,347,I_HEAR_MUSIC
both,exact,179,I_HADN_T_ANYONE_TILL_YOU,346,I_HADNT_ANYONE_TILL_YOU
both,exact,179,I_HAD_THE_CRAZIEST_DREAM,345,I_HAD_THE_CRAZIEST_DREAM
both,exact,179,I_HEAR_A_RHAPSODY,345,I_HEAR_A_RHAPSODY
both,exact,179,I_HOPE_GABRIEL_LIKES_MY_MUSIC,347,I_HOPE_GABRIEL_LIKES_MY_MUSIC
both,exact,180,I_KNOW_THAT_YOU_KNOW,349,I_KNOW_THAT_YOU_KNOW
both,exact,180,I_LEFT_MY_HEART_IN_SAN_FRANCISCO,350,I_LEFT_MY_HEART_IN_SAN_FRANCISCO
both,exact,180,I_LL_ALWAYS_BE_IN_LOVE_WITH_YOU,380,ILL_ALWAYS_BE_IN_LOVE_WITH_YOU
both,fuzzy:0.94,181,I_LET_A_SONG_GO_OUT_OF_MY_HEART,350,I_LET_A_SONG_GET_OUT_OF_MY_HEART
both,exact,181,I_LL_BE_AROUND,380,ILL_BE_AROUND
both,fuzzy:0.96,182,I_LL_BE_SEING_YOU,381,ILL_BE_SEEING_YOU
both,exact,182,I_LL_CLOSE_MY_EYES,381,ILL_CLOSE_MY_EYES
both,exact,182,I_LL_FOLLOW_MY_SECRET_HEART,382,I_LL_FOLLOW_MY_SECRET_HEART
both,exact,182,I_LL_NEVER_BE_THE_SAME,383,I_LL_NEVER_BE_THE_SAME
both,exact,183,I_LL_NEVER_SAY_NEVER_AGAIN_AGAIN,383,I_LL_NEVER_SAY_NEVER_AGAIN_AGAIN
both,exact,183,I_LL_NEVER_SMILE_AGAIN,384,ILL_NEVER_SMILE_AGAIN
both,exact,183,I_LL_REMEMBER_APRIL,384,ILL_REMEMBER_APRIL
both,exact,183,I_LL_SEE_YOU_IN_MY_DREAMS,385,ILL_SEE_YOU_IN_MY_DREAMS
both,exact,184,I_LL_STRING_ALONG_WITH_YOU,385,ILL_STRING_ALONG_WITH_YOU
both,exact,184,I_LL_WALK_ALONE,386,ILL_WALK_ALONE
both,exact,184,I_LL_WIND,386,ILL_WIND
both,exact,184,I_LOVES_YOU_PORGY,352,I_LOVES_YOU_PORGY
both,exact,185,I_LOVE_YOU,351,I_LOVE_YOU
both,exact,185,I_LOVE_YOU_TRULY,351,I_LOVE_YOU_TRULY
both,exact,185,I_M_AN_OLD_COWHAND,388,I_M_AN_OLD_COWHAND
both,exact,186,I_M_A_DING_DONG_DADDY,405,IM_A_DING_DONG_DADDY
both,exact,186,IMAGINATION,405,IMAGINATION
both,exact,186,I_M_A_LITTLE_BLACKBIRD,388,I_M_A_LITTLE_BLACKBIRD
both,exact,187,I_MARRIED_AN_ANGEL,353,I_MARRIED_AN_ANGEL
both,exact,187,I_MAY_BE_WRONG,353,I_MAY_BE_WRONG
both,fuzzy:0.96,187,I_M_BEGINNING_TO_SEE_THA_LIGHT,390,I_M_BEGINNING_TO_SEE_THE_LIGHT
both,fuzzy:0.97,187,I_M_CRAZY_ABOUT_MY_BABY,392,IM_CRAZY_BOUT_MY_BABY
both,exact,188,I_M_COMING_VIRGINIA,390,IM_COMING_VIRGINIA
both,fuzzy:1.00,188,I_M_CONFESSIN,391,IM_CONFESSIN_THAT_I_LOVE_YOU
both,exact,188,I_M_GETTING_SENTIMENTAL_OVER_YOU,394,IM_GETTING_SENTIMENTAL_OVER_YOU
both,exact,189,I_M_FOREVER_BLOWING_BUBBLES,392,IM_FOREVER_BLOWING_BUBBLES
both,fuzzy:0.97,189,I_M_GLAD_THERE_IS_YOU,394,IM_GLAD_THERE_S_YOU
both,fuzzy:1.00,190,I_M_GOING_AWAY_JUST_TO_WEAR_YOU_OFF_MY_MIND,395,IM_GOING_AWAY_JUST_TO_WEAR_YOU
both,exact,190,I_M_GONNA_SIT_RIGHT_DOWN_AND_WRITE_MYSELF_A_LETTER,396,IM_GONNA_SIT_RIGHT_DOWN_AND_WRITE_MYSELF_A_LETTER
both,exact,190,I_M_IN_THE_MOOD_FOR_LOVE,397,IM_IN_THE_MOOD_FOR_LOVE
both,exact,191,I_M_IN_THE_MARKET_FOR_YOU,396,IM_IN_THE_MARKET_FOR_YOU
both,exact,191,I_M_JUST_A_LUCKY_SO_AND_SO,397,IM_JUST_A_LUCKY_SO_AND_SO
both,exact,191,I_M_JUST_WILD_ABOUT_HARRY,398,IM_JUST_WILD_ABOUT_HARRY
both,exact,191,I_M_MAKING_BELIEVE,399,IM_MAKING_BELIEVE
both,exact,192,I_M_LOOKING_OVER_A_FOUR_LEAF_CLOVER,398,IM_LOOKING_OVER_A_FOUR_LEAF_CLOVER
both,exact,192,I_M_MORE_THAN_SATISFIED,399,IM_MORE_THAN_SATISFIED
both,exact,192,I_M_NOBODY_S_BABY,400,IM_NOBODY_S_BABY
both,exact,192,I_M_SHOOTING_HIGH,387,IM_SHOOTING_HIGH
both,exact,193,I_M_OLD_FASHIONED,401,IM_OLD_FASHIONED
both,fuzzy:0.96,193,I_M_PUTIING_ALL_MY_EGGS_IN_ONE_BASKET,401,IM_PUTTING_ALL_MY_EGGS_IN_ONE
both,fuzzy:0.94,193,I_M_SITTING_ON_THE_TOP_OF_THE_WORLD,387,I_M_SITTING_ON_TOP_OF_THE_WORLD
both,exact,194,I_M_SORRY_I_MADE_YOU_CRY,403,IM_SORRY_I_MADE_YOU_CRY
both,exact,194,I_M_THRU_WITH_LOVE,403,IM_THRU_WITH_LOVE
both,exact,194,I_MUST_HAVE_THAT_MAN,355,I_MUST_HAVE_THAT_MAN
both,exact,194,I_M_YOURS,404,IM_YOURS
both,exact,195,IN_A_LITTLE_SPANISH_TOWN,406,IN_A_LITTLE_SPANISH_TOWN
both,exact,195,IN_A_MELLOW_TONE,404,IN_A_MELLOW_TONE
both,exact,195,I_NEED_LOVIN,356,I_NEED_LOVIN
both,exact,196,IN_A_SENTIMENTAL_MOOD,406,IN_A_SENTIMENTAL_MOOD
both,exact,196,IN_A_SHANTY_IN_OLD_SHANTY_TOWN,354,IN_A_SHANTY_IN_OLD_SHANTY_TOWN
both,exact,196,I_NEVER_KNEW,356,I_NEVER_KNEW
both,exact,197,INDIAN_LOVE_CALL,414,INDIAN_LOVE_CALL
both,exact,197,INDIAN_SUMMER,414,INDIAN_SUMMER
both,exact,197,I_NEVER_KNEW_WHAT_A_GAL_COULD_DO,358,I_NEVER_KNEW_WHAT_A_GAL_COULD_DO
both,exact,198,IN_HARLEM_S_ARABY,408,IN_HARLEMS_ARABY
both,exact,198,IN_LOVE_IN_VAIN,408,IN_LOVE_IN_VAIN
both,exact,199,IN_THE_GOOD_OLD_SUMMERTIME,410,IN_THE_GOOD_OLD_SUMMERTIME
both,exact,199,IN_THE_MIDDLE_OF_A_KISS,410,IN_THE_MIDDLE_OF_A_KISS
both,exact,199,IN_THE_MOOD,411,IN_THE_MOOD
both,exact,199,IN_THE_EVENING,409,IN_THE_EVENING
both,exact,200,IN_THE_SHADE_OF_THE_OLD_APPLE_TREE,411,IN_THE_SHADE_OF_THE_OLD_APPLETREE
both,exact,200,IN_THE_STILL_OF_THE_NIGHT,412,IN_THE_STILL_OF_THE_NIGHT
both,exact,200,IN_YOUR_OWN_SWEET_WAY,413,IN_YOUR_OWN_SWEET_WAY
both,exact,201,INVITATION,415,INVITATION
both,exact,201,I_REMEMBER_CLIFFORD,359,I_REMEMBER_CLIFFORD
both,exact,201,I_SAW_STARS,360,I_SAW_STARS
both,exact,202,I_ONLY_HAVE_EYES_FOR_YOU,359,I_ONLY_HAVE_EYES_FOR_YOU
both,exact,202,I_REMEMBER_YOU,360,I_REMEMBER_YOU
both,exact,202,I_SHOULD_CARE,361,I_SHOULD_CARE
both,exact,203,IRISH_BLACK_BOTTOM,416,IRISH_BLACK_BOTTOM
both,exact,203,I_SE_A_MUGGIN,360,I_SE_A_MUGGIN
both,fuzzy:1.00,203,IS_IT_TRUE_WHAT_THEY_SAY_ABOUT_DIXIE,361,IS_IT_TRUE_WHAT_THEY_SAY_ABOUT
both,exact,204,ISLE_OF_CAPRI,420,ISLE_OF_CAPRI
both,exact,204,ISN_T_IT_ROMANTIC,421,ISN_T_IT_ROMANTIC
both,exact,204,ISN_T_THIS_A_LOVELY_DAY,421,ISNT_THIS_A_LOVELY_DAY
both,exact,204,I_SURRENDER_DEAR,362,I_SURRENDER_DEAR
both,exact,205,ISRAEL,362,ISRAEL
both,fuzzy:1.00,205,IS_YOU_IS_OR_IS_YOU_AIN_T,418,IS_YOU_IS_OR_IS_YOU_AINT_MA_BABY
both,fuzzy:0.94,205,IS_ALL_DEPENDS_ON_YOU,424,IT_ALL_DEPENDS_ON_YOU
both,fuzzy:0.94,206,IT_AIN_T_NECESSARY_SO,423,IT_AINT_NECESSARILY_SO
both,exact,206,IT_COULD_HAPPEN_TO_YOU,424,IT_COULD_HAPPEN_TO_YOU
both,exact,206,IT_DON_T_MEAN_A_THING,425,IT_DONT_MEAN_A_THING
both,exact,207,IT_HAD_TO_BE_YOU,425,IT_HAD_TO_BE_YOU
both,exact,207,IT_HAPPENED_IN_MONTEREY,426,IT_HAPPENED_IN_MONTEREY
both,exact,207,IT_MIGHT_AS_WELL_BE_SPRING,427,IT_MIGHT_AS_WELL_BE_SPRING
both,fuzzy:0.94,208,IT_THOUGHT_ABOU_YOU_IT_THOUGHT,363,I_THOUGHT_ABOUT_YOU
both,exact,208,IT_NEVER_ENTERED_MY_MIND,363,IT_NEVER_ENTERED_MY_MIND
both,fuzzy:0.92,208,IT_S_A_LONG_WAY_TO_TIPPERARY,429,ITS_A_LONG_LONG_WAY_TO_TIPPERARY
both,fuzzy:0.97,209,IT_S_ALL_RIGHT_WITH_ME,431,ITS_ALRIGHT_WITH_ME
both,exact,209,IT_S_A_SIN_TO_TELL_A_LIE,430,ITS_A_SIN_TO_TELL_A_LIE
both,exact,209,IT_S_BEEN_A_LONG_LONG_TIME,430,ITS_BEEN_A_LONG_LONG_TIME
both,exact,210,IT_S_D_LOVELY,432,ITS_DLOVELY
both,exact,210,IT_S_EASY_TO_REMEMBER,432,ITS_EASY_TO_REMEMBER
both,exact,210,IT_S_ONLY_A_PAPER_MOON,433,ITS_ONLY_A_PAPER_MOON
both,exact,210,IT_S_TIGHT_LIKE_THAT,434,ITS_TIGHT_LIKE_THAT
both,exact,211,IT_S_THE_TALK_OF_THE_TOWN,433,ITS_THE_TALK_OF_THE_TOWN
both,exact,211,IT_S_WONDERFUL,434,ITS_WONDERFUL
both,exact,211,IT_S_YOU_OR_NO_ONE,364,ITS_YOU_OR_NO_ONE
both,fuzzy:1.00,212,I_USED_TO_LOVE_YOU_BUT_IT_S_ALL_OVER_NOW_212_I_VE_FOUND_A_NEW_BABY,364,I_USED_TO_LOVE_YOU_BUT_ITS_ALL_OVER
both,exact,212,I_VE_GOT_A_CRUSH_ON_YOU,437,IVE_GOT_A_CRUSH_ON_YOU
both,exact,213,I_VE_GOT_A_FEELING_I_M_FALLING,438,IVE_GOT_A_FEELING_IM_FALLING
both,exact,213,I_VE_GOT_MY_FINGERS_CROSSED,438,IVE_GOT_MY_FINGERS_CROSSED
both,exact,213,I_VE_GOT_MY_LOVE_TO_KEEP_ME_WARM,439,iVE_GOT_MY_LOVE_TO_KEEP_ME_WARM
both,exact,213,I_VE_GOT_THE_WORLD_ON_A_STRING,439,IVE_GOT_THE_WORLD_ON_A_STRING
both,exact,214,I_VE_GOT_YOU_UNDER_MY_SKIN,440,IVE_GOT_YOU_UNDER_MY_SKIN
both,exact,214,I_VE_GROWN_ACCUSTOMED_TO_HER_FACE,441,IVE_GROWN_ACCUSTOMED_TO_HER_FACE
both,exact,215,I_WANT_A_LITTLE_GIRL,365,I_WANT_A_LITTLE_GIRL
both,exact,215,I_WANT_TO_BE_HAPPY,365,I_WANT_TO_BE_HAPPY
both,fuzzy:1.00,215,I_WISH_I_COULD_SHIMMY_LIKE_MY_SISTER_KATE,367,I_WISH_I_COULD_SHIMMY_LIKE_MY
both,exact,216,I_WAS_DOIN_ALL_RIGHT,366,I_WAS_DOIN_ALLRIGHT
both,exact,216,I_WISHED_ON_THE_MOON,367,I_WISHED_ON_THE_MOON
both,exact,216,I_WISH_I_WERE_TWINS,368,I_WISH_I_WERE_TWINS
both,exact,217,I_WISH_I_KNEW,368,I_WISH_I_KNEW
both,exact,217,I_WISH_T_I_WAS_IN_PEORIA,369,I_WISHT_I_WAS_IN_PEORIA
both,exact,217,I_WONDER,370,I_WONDER
both,exact,218,I_WON_T_DANCE,371,I_WONT_DANCE
both,exact,218,I_WOULD_DO_ANYTHING_FOR_YOU,371,I_WOULD_DO_ANYTHING_FOR_YOU
both,exact,219,JACKASS_BLUES,442,JACKASS_BLUES
both,exact,219,JA_DA,442,JADA
both,exact,219,JAILHOUSE_BLUES,444,JAILHOUSE_BLUES
both,exact,219,JAPANESE_SANDMAN,444,JAPANESE_SANDMAN
both,exact,220,JAZZIN_BABIES_BLUES,446,JAZZIN_BABIES_BLUES
both,exact,220,JAZZ_ME_BLUES,445,JAZZ_ME_BLUES
both,exact,220,JEEP_IS_JUMPIN,448,JEEP_IS_JUMPIN
both,exact,220,JEEP_S_BLUES,448,JEEPS_BLUES
both,exact,221,JEALOUS,447,JEALOUS
both,exact,221,JEEPERS_CREEPERS,449,JEEPERS_CREEPERS
both,exact,222,JELLY_ROLL_BLUES,450,JELLY_ROLL_BLUES
both,fuzzy:0.96,222,JERSEY_BOUCE_THE,452,JERSEY_BOUNCE
both,exact,223,JINGLE_BELLS,452,JINGLE_BELLS
both,exact,223,JITTERBUG_WALTZ,453,JITTERBUG_WALTZ
both,exact,223,JIVE_AT_FIVE,454,JIVE_AT_FIVE
both,exact,224,JIMTOWN_BLUES,453,JIMTOWN_BLUES
both,exact,224,JOHNNY_COME_LATELY,454,JOHNNY_COME_LATELY
both,exact,225,JORDU,455,JORDU
both,exact,225,JOSHUA_FIT_THE_BATTLE_OF_JERICHO,455,JOSHUA_FIT_THE_BATTLE_OF_JERICHO
both,exact,225,JOY_SPRING,456,JOY_SPRING
both,exact,225,JUBILEE,457,JUBILEE
both,exact,226,JUBILATION,457,JUBILATION
both,exact,226,JUDY,458,JUDY
both,exact,226,JUMPIN_AT_THE_WOODSIDE,458,JUMPIN_AT_THE_WOODSIDE
both,exact,226,JUNE_NIGHT,459,JUNE_NIGHT
both,exact,227,JUST_A_CLOSER_WALK_WITH_THEE,460,JUST_A_CLOSER_WALK_WITH_THEE
both,exact,227,JUST_A_GIGOLO,460,JUST_A_GIGOLO
both,exact,227,JUST_A_LITTLE_WHILE_TO_STAY_HERE,460,JUST_A_LITTLE_WHILE_TO_STAY_HERE
both,exact,227,JUST_A_SITTIN_AND_A_ROCKIN,461,JUST_A_SITTIN_AND_A_ROCKIN
both,fuzzy:0.90,227,JUMPIN_WITH_SYMPHONY_SUE,459,JUMPIN_WITH_SYMPHONY_SID
both,exact,228,JUST_FRIENDS,461,JUST_FRIENDS
both,exact,228,JUST_GONE,462,JUST_GONE
both,exact,228,JUST_IN_TIME,463,JUST_IN_TIME
both,exact,228,JUST_SQUEEZE_ME,465,JUST_SQUEEZE_ME
both,exact,229,JUST_ONE_MORE_CHANCE,463,JUST_ONE_MORE_CHANCE
both,exact,229,JUST_ONE_OF_THOSE_THINGS,464,JUST_ONE_OF_THOSE_THINGS
both,exact,229,JUST_YOU_JUST_ME,465,JUST_YOU_JUST_ME
both,exact,230,KANSAS_CITY_KITTY,466,KANSAS_CITY_KITTY
both,exact,230,KANSAS_CITY_MAN_BLUES,466,KANSAS_CITY_MAN_BLUES
both,exact,230,KANSAS_CITY_STOMPS,467,KANSAS_CITY_STOMPS
both,exact,231,KEEPIN_OUT_OF_MISCHIEF_NOW,468,KEEPIN_OUT_OF_MISCHIEF_NOW
both,exact,231,KING_OF_THE_ZULUS_THE,469,KING_OF_THE_ZULUS
both,exact,232,KISS_ME_SWEET,470,KISS_ME_SWEET
both,fuzzy:1.00,233,KISS_TO_BUILD_A_DREAM_ON_A,470,KISS_TO_BUILD_A_DREAM_ON
both,exact,234,LADY_BIRD,472,LADY_BIRD
both,exact,234,LADY_IN_RED_THE,472,LADY_IN_RED
both,exact,234,LADY_IS_A_TRAMP_THE,473,LADY_IS_A_TRAMP
both,exact,235,LAMBETH_WALK,474,LAMBETH_WALK
both,exact,235,LAST_TIME_I_SAW_PARIS_THE,476,LAST_TIME_I_SAW_PARIS
both,exact,236,LASSUS_TROMBONE,475,LASSUS_TROMBONE
both,exact,236,LAUGHING_AT_LIFE,477,LAUGHING_AT_LIFE
both,exact,236,LA_VIE_EN_ROSE,875,LA_VIE_EN_ROSE
both,exact,236,LAZY_BONES,478,LAZY_BONES
both,exact,237,LAURA,477,LAURA
both,exact,237,LAZY_RIVER,478,LAZY_RIVER
both,fuzzy:0.98,237,LET_S_CALL_THE_WHOLE_THINGS_OFF,481,LETS_CALL_THE_WHOLE_THING_OFF
both,exact,237,LESTER_LEAPS_IN,480,LESTER_LEAPS_IN
both,exact,238,LET_ME_CALL_YOU_SWEETHEART,480,LET_ME_CALL_YOU_SWEETHEART
both,exact,238,LET_S_DO_IT_LET_S_FALL_IN_LOVE,482,LETS_DO_IT_LETS_FALL_IN_LOVE
both,exact,238,LET_S_FALL_IN_LOVE,482,LETS_FALL_IN_LOVE
both,exact,239,LIKE_SOMEONE_IN_LOVE,483,LIKE_SOMEONE_IN_LOVE
both,exact,239,LI_L_DARLIN,483,LIL_DARLIN
both,exact,239,LI_L_LIZA_JANE,484,LIL_LIZA_JANE
both,exact,239,LINE_FOR_LYONS,485,LINE_FOR_LYONS
both,exact,240,LIMEHOUSE_BLUES,484,LIMEHOUSE_BLUES
both,exact,240,LINGER_AWHILE,486,LINGER_AWHILE
both,exact,240,LITTLE_GIRL,488,LITTLE_GIRL
both,exact,241,LITTLE_GIRL_BLUE,488,LITTLE_GIRL_BLUE
both,exact,241,LITTLE_MAN_YOU_VE_HAD_A_BUSY_DAY,487,LITTLE_MAN_YOU_VE_HAD_A_BUSY_DAY
both,exact,241,LITTLE_NILES,487,LITTLE_NILES
both,fuzzy:0.90,242,LOCH_LOMMOND_THE_BONNIE_BANKS_O,490,LOCH_LOMOND
both,exact,243,LONG_AGO_AND_FAR_AWAY,490,LONG_AGO_AND_FAR_AWAY
both,exact,244,LONDON_BLUES,489,LONDON_BLUES
both,exact,244,LONESOME_ROAD,490,LONESOME_ROAD
both,exact,244,LOST_IN_MEDITATION,492,LOST_IN_MEDITATION
both,exact,245,LONG_GONE,491,LONG_GONE
both,fuzzy:1.00,245,LOT_OF_LIVIN_TO_DO_A,491,LOT_OF_LIVIN_TO_DO
both,exact,245,LOUISE,492,LOUISE
both,exact,245,LOVE_IS_JUST_AROUND_THE_CORNER,495,LOVE_IS_JUST_AROUND_THE_CORNER
both,exact,246,LOUISIANA,493,LOUISIANA
both,exact,246,LOVE_FOR_SALE,494,LOVE_FOR_SALE
both,exact,247,LOVE_IS_HERE_TO_STAY,495,LOVE_IS_HERE_TO_STAY
both,exact,247,LOVE_LETTERS,496,LOVE_LETTERS
both,exact,247,LOVELY_TO_LOOK_AT,496,LOVELY_TO_LOOK_AT
both,exact,247,LOVE_ME_OR_LEAVE_ME,497,LOVE_ME_OR_LEAVE_ME
both,exact,248,LOVE_ME,498,LOVE_ME
both,exact,248,LOVER_MAN,500,LOVER_MAN
both,exact,248,LOVE_NEST,498,LOVE_NEST
both,exact,249,LOVER,501,LOVER
both,exact,249,LOVER_COME_BACK_TO_ME,499,LOVER_COME_BACK_TO_ME
both,exact,250,LOVE_WALKED_IN,500,LOVE_WALKED_IN
both,exact,250,LULLABY_IN_RHYTHM,502,LULLABY_IN_RHYTHM
both,exact,250,LULLABY_OF_BIRDLAND,502,LULLABY_OF_BIRDLAND
both,exact,250,LULLABY_OF_BROADWAY,503,LULLABY_OF_BROADWAY
both,exact,251,LULLABY_OF_THE_LEAVES,503,LULLABY_OF_THE_LEAVES
both,exact,251,LULU_S_BACK_IN_TOWN,504,LULUS_BACK_IN_TOWN
both,exact,251,LUSH_LIFE,505,LUSH_LIFE
both,exact,252,MABEL_S_DREAM,506,MABELS_DREAM
both,exact,252,MACK_THE_KNIFE,507,MACK_THE_KNIFE
both,exact,252,MAD_ABOUT_THE_BOY,507,MAD_ABOUT_THE_BOY
both,fuzzy:0.88,253,MAHOGANY_HALL_STOMP,508,MAHAGONY_HALL_STOMP
both,exact,253,MAKE_BELIEVE,509,MAKE_BELIEVE
both,exact,254,MAKE_ME_A_PALLET_ON_THE_FLOOR,509,MAKE_ME_A_PALLET_ON_THE_FLOOR
both,exact,254,MAKE_SOMEONE_HAPPY,510,MAKE_SOMEONE_HAPPY
both,exact,254,MAKIN_WHOOPEE,510,MAKIN_WHOOPEE
both,exact,254,MAMA_DON_T_ALLOW_IT,511,MAMA_DONT_ALLOW_IT
both,exact,255,MAMA_GOES_WHERE_PAPA_GOES,512,MAMA_GOES-WHERE_PAPA_GOES
both,exact,255,MAMA_S_GONE_GOODBYE,511,MAMAS_GONE_GOODBYE
both,exact,255,MANDY,512,MANDY
both,exact,256,MANDY_LEE_BLUES,514,MANDY_LEE_BLUES
both,exact,256,MANDY_MAKE_UP_YOUR_MIND,515,MANDY_MAKE_UP_YOUR_MIND
both,fuzzy:1.00,257,MANHA_DO_CARNAVAL,516,MANHA_DO_CARNAVAL_BLACK_ORPHEUS
both,exact,257,MANHATTAN,516,MANHATTAN
both,exact,257,MAN_I_LOVE_THE,513,MAN_I_LOVE
both,exact,258,MANOIR_DE_MES_REVES,517,MANOIR_DE_MES_REVES
both,exact,258,MANTECA,517,MANTECA
both,fuzzy:1.00,258,MARCHAND_DE_POISSONS_LE,519,MARCHAND_DE_POISSONS
both,exact,259,MAPLE_LEAF_RAG,518,MAPLE_LEAF_RAG
both,exact,259,MARGIE,519,MARGIE
both,exact,259,MARIE,520,MARIE
both,manual,260,MARMADONE,520,MARMADUKE
both,exact,260,MARTINIQUE,521,MARTINIQUE
both,exact,260,MARYLAND_MY_MARYLAND,524,MARYLAND_MY_MARYLAND
both,exact,261,MARY_HAD_A_LITTLE_LAMB,522,MARY_HAD_A_LITTLE_LAMB
both,exact,261,MARY_LOU,523,MARY_LOU
both,fuzzy:1.00,261,MASQUERADE_IS_OVER_I_M_AFRAID_THAT,523,MASQUERADE_IS_OVER
both,exact,262,MEAN_TO_ME,525,MEAN_TO_ME
both,exact,262,MEDITATION,526,MEDITATION
both,exact,262,MELODY_IN_F,527,MELODY_IN_F
both,exact,263,MELANCHOLY,527,MELANCHOLY
both,exact,263,MEMORIES_OF_YOU,528,MEMORIES_OF_YOU
both,exact,263,MEMPHIS_IN_JUNE,529,MEMPHIS_IN_JUNE
both,exact,264,MEMPHIS_BLUES_THE,528,MEMPHIS_BLUES
both,exact,264,MESSIN_AROUND,530,MESSIN_AROUND
both,exact,264,MIDGETS_THE,531,MIDGETS
both,exact,265,MICHIGAN_WATER_BLUES,530,MICHIGAN_WATER_BLUES
both,exact,265,MIDNIGHT_IN_MOSCOW,532,MIDNIGHT_IN_MOSCOW
both,exact,265,MIDNIGHT_SUN,532,MIDNIGHT_SUN
both,fuzzy:1.00,265,MIDNIGHT_SUN_WILL_NEVER_SETS_THE,531,MIDNIGHT_SUN_WILL_NEVER_SET
both,exact,266,MILENBERG_JOYS,533,MILENBERG_JOYS
both,exact,266,MILESTONES,534,MILESTONES
both,exact,267,MINNIE_THE_MOOCHER,535,MINNIE_THE_MOOCHER
both,fuzzy:0.98,267,MINNIE_THE_MOOCHER_S_WEDDIN_DAY,536,MINNIE_THE_MOOCHERS_WEDDING_DAY
both,exact,267,MINORITY,537,MINORITY
both,exact,268,MINOR_SWING,537,MINOR_SWING
both,exact,268,MISS_ANNABEL_LEE,538,MISS_ANNABEL_LEE
both,exact,268,MISSISSIPPI_MUD,539,MISSISSIPPI_MUD
both,exact,269,MISS_BROWN_TO_YOU,537,MISS_BROWN_TO_YOU
both,exact,269,MISS_OTIS_REGRETS,539,MISS_OTIS_REGRETS
both,exact,269,MOBILE_BLUES,542,MOBILE_BLUES
both,exact,270,MISTY,540,MISTY
both,exact,270,MOANIN,540,MOANIN
both,exact,270,MOANIN_LOW,541,MOANIN_LOW
both,exact,271,MOMENT_S_NOTICE,541,MOMENTS_NOTICE
both,exact,271,MONK_S_MOOD,544,MONKS_MOOD
both,exact,271,MOOD_INDIGO,544,MOOD_INDIGO
both,exact,272,MOOCHE_THE,545,MOOCHE
both,exact,272,MOONGLOW,547,MOONGLOW
both,exact,273,MOONLIGHT_IN_VERMONT,548,MOONLIGHT_IN_VERMONT
both,exact,273,MOONLIGHT_ON_THE_GANGES,549,MOONLIGHT_ON_THE_GANGES
both,exact,273,MOONLIGHT_SERENADE,549,MOONLIGHT_SERENADE
both,exact,273,MOON_WAS_YELLOW_THE,551,MOON_WAS_YELLOW
both,exact,274,MOON_RIVER,546,MOON_RIVER
both,exact,274,MOOSE_MARCH_THE,551,MOOSE_MARCH
both,exact,275,MOON_OVER_MIAMI,546,MOON_OVER_MIAMI
both,exact,275,MOOSE_THE_MOOCHE,550,MOOSE_THE_MOOCHE
both,exact,275,MOP_MOP,550,MOP_MOP
both,exact,275,MOPPIN_AND_BOPPIN,552,MOPPIN_AND_BOPPIN
both,exact,275,MORE,554,MORE
both,exact,276,MORE_I_SEE_YOU_THE,552,MORE_I_SEE_YOU
both,exact,276,MORE_THAN_YOU_KNOW,553,MORE_THAN_YOU_KNOW
both,exact,276,MORNING_GLORY,554,MORNING_GLORY
both,exact,276,MOTEN_SWING,553,MOTEN_SWING
both,exact,277,MOULIN_A_CAFE,555,MOULIN_A_CAFE
both,exact,277,MOUNTAIN_GREENERY,556,MOUNTAIN_GREENERY
both,exact,277,MOVE,557,MOVE
both,exact,278,MR_FREDDIE_BLUES,557,MR_FREDDIE_BLUES
both,exact,278,MR_JELLY_LORD,558,MR_JELLY_LORD
both,exact,278,MR_P_C,558,MR_P_C
both,exact,278,MUDDY_WATER,559,MUDDY_WATER
both,exact,279,MUSCLE_SHOALS_BLUES,560,MUSCLE_SHOALS_BLUES
both,fuzzy:0.98,279,MUSIC_GOES_ROUND_AND_AROUND_THE,560,MUSIC_GOES_ROUND_AND_ROUND
both,exact,279,MUSIC_MAESTRO_PLEASE,561,MUSIC_MAESTRO_PLEASE
both,exact,279,MY_BLUE_HEAVEN,562,MY_BLUE_HEAVEN
both,exact,280,MUSKRAT_RAMBLE,561,MUSKRAT_RAMBLE
both,exact,280,MY_BUCKET_S_GOT_A_HOLE_IN_IT,562,MY_BUCKETS_GOT_A_HOLE_IN_IT
both,exact,280,MY_BUDDY,563,MY_BUDDY
both,fuzzy:0.94,280,MY_FATE_IS_YOUR_HANDS,563,MY_FATE_IS_IN_YOUR_HANDS
both,exact,281,MY_DADDY_ROCKS_ME,564,MY_DADDY_ROCKS_ME
both,exact,281,MY_FAVORITE_THINGS,564,MY_FAVORITE_THINGS
both,exact,281,MY_FOOLISH_HEART,565,MY_FOOLISH_HEART
both,exact,282,MY_FUNNY_VALENTINE,565,MY_FUNNY_VALENTINE
both,exact,282,MY_GAL_SAL,566,MY_GAL_SAL
both,exact,282,MY_HEART_BELONGS_TO_DADDY,566,MY_HEART_BELONGS_TO_DADDY
both,exact,283,MY_HEART_STOOD_STILL,567,MY_HEART_STOOD_STILL
both,exact,283,MY_HONEY_S_LOVIN_ARMS,568,MY_HONEYS_LOVIN_ARMS
both,exact,283,MY_KINDA_LOVE,569,MY_KINDA_LOVE
both,exact,284,MY_IDEAL,569,MY_IDEAL
both,exact,284,MY_LAST_AFFAIR,570,MY_LAST_AFFAIR
both,exact,284,MY_MAN,571,MY_MAN
both,exact,285,MY_LITTLE_SUEDE_SHOES,570,MY_LITTLE_SUEDE_SHOES
both,exact,285,MY_MELANCHOLY_BABY,572,MY_MELANCHOLY_BABY
both,exact,285,MY_OLD_FLAME,573,MY_OLD_FLAME
both,exact,286,MY_MONDAY_DATE,571,MY_MONDAY_DATE
both,exact,286,MY_OLD_KENTUCKY_HOME,573,MY_OLD_KENTUCKY_HOME
both,exact,286,MY_PRETTY_GIRL,576,MY_PRETTY_GIRL
both,exact,287,MY_ONE_AND_ONLY_LOVE,574,MY_ONE_AND_ONLY_LOVE
both,exact,287,MY_PET,575,MY_PET
both,exact,287,MY_REVERIE,577,MY_REVERIE
both,exact,288,MY_ROMANCE,577,MY_ROMANCE
both,exact,288,MY_SHINING_HOUR,578,MY_SHINING_HOUR
both,exact,288,MY_SHIP,578,MY_SHIP
both,exact,289,MY_SILENT_LOVE,579,MY_SILENT_LOVE
both,exact,289,MY_SWEETIE_WENT_AWAY,584,MY_SWEETIE_WENT_AWAY
both,exact,289,MY_WILD_IRISH_ROSE,579,MY_WILD_IRISH_ROSE
both,exact,290,MY_SWEET_LOVIN_MAN,580,MY_SWEET_LOVIN_MAN
both,exact,291,NAGASAKI,582,NAGASAKI
both,exact,291,NAIMA,582,NAIMA
both,exact,291,NEARNESS_OF_YOU_THE,585,NEARNESS_OF_YOU
both,exact,292,NARDIS,583,NARDIS
both,exact,292,NEVERTHELESS,588,NEVERTHELESS
both,exact,293,NEW_ORLEANS,588,NEW_ORLEANS
both,exact,293,NEW_ORLEANS_STOMP,587,NEW_ORLEANS_STOMP
both,exact,294,NEW_ORLEANS_HOP_SCOP_BLUES,587,NEW_ORLEANS_HOP_SCOP_BLUES
both,exact,294,NICA_S_DREAM,589,NICAS_DREAM
both,exact,294,NIGHT_AND_DAY,591,NIGHT_AND_DAY
both,exact,295,NICA_S_TEMPO,590,NICAS_TEMPO
both,exact,295,NICE_WORK_IF_YOU_CAN_GET_IT,590,NICE_WORK_IF_YOU_CAN_GET_IT
both,fuzzy:1.00,295,NIGHTINGALE_SANG_IN_BERKELEY_SQUARE_A,594,NIGHTINGALE_SANG_IN_BERKELEY
both,fuzzy:0.93,296,NIGHT_IN_TUNISIA_A,592,NIGHT_IN_TUNESIA
both,exact,296,NIGHT_TRAIN,593,NIGHT_TRAIN
both,exact,297,NIGHT_WE_CALLED_IT_A_DAY_THE,593,NIGHT_WE_CALLED_IT_A_DAY
both,fuzzy:1.00,297,NINETEEN_NINETEEN,595,NINETEEN_NINETEEN_RAG
both,fuzzy:1.00,298,NINE_TWENTY,598,NINE_TWENTY_SPECIAL
both,exact,298,NOBODY_KNOWS_THE_TROUBLE_I_VE_SEEN,598,NOBODY_KNOWS_THE_TROUBLE_IVE_SEEN
both,exact,298,NOBODY_KNOWS_YOU_WHEN_YOU_RE_DOWN_AND_OUT,599,NOBODY_KNOWS_YOU_WHEN_YOURE_DOWN_AND_OUT
both,fuzzy:1.00,299,NOBODY_KNOWS_THE_WAY_I_FEEL_THIS_MORNING,599,NOBODY_KNOWS_THE_WAY_I_FEEL
both,exact,299,NOBODY_S_SWEETHEART,600,NOBODYS_SWEETHEART
both,exact,299,NO_MOON_AT_ALL,596,NO_MOON_AT_ALL
both,exact,300,NO_REGRETS,597,NO_REGRETS
both,exact,300,NOW_IT_CAN_BE_TOLD,601,NOW_IT_CAN_BE_TOLD
both,exact,301,NOW_S_THE_TIME,602,NOWS_THE_TIME
both,exact,301,NUAGES,602,NUAGES
both,fuzzy:0.97,302,OBJECT_OF_MY_AFFECTION_THE,603,OBJECT_OF_MY_AFFECTIION
both,exact,302,OFF_MINOR,604,OFF_MINOR
both,exact,302,OH_DADDY_BLUES,471,OH_DADDY_BLUES
both,exact,303,OH_BABY,604,OH_BABY
both,exact,303,OH_LADY_BE_GOOD,471,OH_LADY_BE_GOOD
both,exact,303,OH_SISTER_AIN_T_THAT_HOT,608,OH_SISTER_AINT_THAT_HOT
both,exact,304,OH_LOOK_AT_ME_NOW,606,OH_LOOK_AT_ME_NOW
both,exact,304,OH_MISS_HANNAH,607,OH_MISS_HANNAH
both,exact,305,OH_YOU_BEAUTIFUL_DOLL,609,OH_YOU_BEAUTIFUL_DOLL
both,exact,305,OLD_DEVIL_MOON,610,OLD_DEVIL_MOON
both,exact,305,OLD_FASHIONED_LOVE,611,OLD_FASHIONED_LOVE
both,exact,306,OLD_FOLKS,611,OLD_FOLKS
both,exact,306,OLE_MISS,612,OLE_MISS
both,exact,307,OLEO,613,OLEO
both,exact,307,OL_MAN_MOSE,613,OL_MAN_MOSE
both,fuzzy:0.95,307,OLD_MAN_RIVER,614,OLMAN_RIVER
both,fuzzy:1.00,308,ON_A_CLEAR_DAY,615,ON_A_CLEAR_DAY_YOU_CAN_SEE
both,exact,308,ON_A_SLOWBOAT_TO_CHINA,615,ON_A_SLOWBOAT_TO_CHINA
both,exact,308,ONCE_IN_A_WHILE,621,ONCE_IN_A_WHILE
both,exact,309,ONE_FOR_MY_BABY,622,ONE_FOR_MY_BABY
both,exact,309,ONE_MORE_TIME,624,ONE_MORE_TIME
both,fuzzy:1.00,310,ONE_I_LOVE_THE,621,ONE_I_LOVE_BELONGS_TO_SOMEBODY_ELSE
both,exact,310,ONE_NOTE_SAMBA,623,ONE_NOTE_SAMBA
both,exact,310,ONE_SWEET_LETTER_FROM_YOU,625,ONE_SWEET_LETTER_FROM_YOU
both,exact,311,ONE_TWO_BUTTON_YOUR_SHOE,616,ONE_TWO_BUTTON_YOUR_SHOE
both,exact,311,ON_GREEN_DOLPHIN_STREET,616,ON_GREEN_DOLPHIN_STREET
both,exact,311,ONIONS,609,ONIONS
both,exact,311,ON_REVIVAL_DAY,617,ON_REVIVAL_DAY
both,exact,312,ON_THE_ALAMO,618,ON_THE_ALAMO
both,exact,312,ON_THE_BEACH_AT_BALI_BALI,618,ON_THE_BEACH_AT_BALI_BALI
both,exact,312,ON_THE_STREET_WHERE_YOU_LIVE,619,ON_THE_STREET_WHERE_YOU_LIVE
both,exact,312,ON_THE_SUNNY_SIDE_OF_THE_STREET,620,ON_THE_SUNNY_SIDE_OF_THE_STREET
both,exact,312,ON_THE_TRAIL,619,ON_THE_TRAIL
both,exact,313,ON_TREASURE_ISLAND,620,ON_TREASURE_ISLAND
both,exact,313,OOP_BOP_SH_BAM,627,OOP_BOP_SH_BAM
both,exact,313,OPUS_DE_FUNK,628,OPUS_DE_FUNK
both,exact,313,ORGAN_GRINDER_SWING,628,ORGAN_GRINDER_SWING
both,exact,314,ORIENTAL_MAN,629,ORIENTAL_MAN
both,exact,319,PANAMA,631,PANAMA
both,exact,320,PAPA_DE_DADA,633,PAPA_DE_DA_DA
both,exact,320,PAPA_DIP,632,PAPA_DIP
both,exact,321,PARISIAN_THOROUGHFARE,634,PARISIAN_THOROUGHFARE
both,exact,321,PARTY_S_OVER_THE,634,PARTYS_OVER
both,exact,321,PASADENA,635,PASADENA
both,exact,322,PASSPORT_TO_PARADISE,636,PASSPORT_TO_PARADISE
both,exact,322,PASSION_FLOWER,635,PASSION_FLOWER
both,exact,322,PAUL_S_PAL,637,PAULS_PAL
both,exact,323,THE_PEANUT_VENDOR,638,PEANUT_VENDOR
both,exact,323,PEARLS_THE,640,PEARLS
both,exact,323,PENNIES_FROM_HEAVEN,639,PENNIES_FROM_HEAVEN
both,exact,324,PEG_O_MY_HEART,639,PEG_O_MY_HEART
both,exact,324,PENTHOUSE_SERENADE,641,PENTHOUSE_SERENADE
both,exact,324,PENT_UP_HOUSE,642,PENTUP_HOUSE
both,exact,324,PERDIDO_STREET_BLUES,643,PERDIDO_STREET_BLUES
both,exact,325,PEOPLE,642,PEOPLE
both,exact,325,PEOPLE_WILL_SAY_WE_RE_IN_LOVE,641,PEOPLE_WILL_SAY_WERE_IN_LOVE
both,exact,325,PERFIDIA,644,PERFIDIA
both,exact,326,PERDIDO,644,PERDIDO
both,exact,326,PERHAPS,643,PERHAPS
both,exact,326,PERSIAN_RUG,645,PERSIAN_RUG
both,exact,326,PETITE_FLEUR,646,PETITE_FLEUR
both,exact,327,PICK_YOURSELF_UP,647,PICK_YOURSELF_UP
both,exact,327,PLEASE,649,PLEASE
both,fuzzy:1.00,327,PLEASE_DON_T_TALK_ABOUT_ME_WHEN_I_M_GONE,648,PLEASE_DONT_TALK_ABOUT_ME
both,exact,328,PLEASURE_MAD,650,PLEASURE_MAD
both,fuzzy:0.95,328,POLKA_DOTS_AND_MOONBEANS,652,POLKA_DOTS_AND_MOONBEAMS
both,exact,329,POINCIANA,651,POINCIANA
both,exact,329,POOR_BUTTERFLY,652,POOR_BUTTERFLY
both,fuzzy:0.94,329,PORTER_S_LOVE_SONG_A,653,PORTERS_LOVE_SONG_TO_A_CHAMBERMAID
both,exact,329,PORTRAIT_OF_JENNIE,654,PORTRAIT_OF_JENNIE
both,exact,330,PORGY,653,PORGY
both,fuzzy:0.97,330,POTATOE_HEAD_BLUES,655,POTATO_HEAD_BLUES
both,exact,330,PRELUDE_TO_A_KISS,656,PRELUDE_TO_A_KISS
both,exact,331,PREACHER_THE,656,PREACHER
both,exact,331,PREMIER_BAL,657,PREMIER_BAL
both,fuzzy:1.00,331,PRETTY_GIRL_IS_LIKE_A_MELODY_A,659,PRETTY_GIRL_IS_LIKE_A_MELODY
both,exact,332,PRETTY_BABY,658,PRETTY_BABY
both,exact,332,PRINCE_OF_WAILS,660,PRINCE_OF_WAILS
both,exact,333,PRISONER_OF_LOVE,661,PRISONER_OF_LOVE
both,exact,333,PROMENADE_AUX_CHAMPS_ELYSEES,661,PROMENADE_AUX_CHAMPS_ELYSEES
both,fuzzy:0.98,333,PUT_ON_YOUR_OLD_GREY_BONNET,663,PUT_ON_YOUR_OLD_GREAY_BONNET
both,exact,334,P_S_I_LOVE_YOU,630,P_S_I_LOVE_YOU
both,exact,334,PUT_ON_A_HAPPY_FACE,630,PUT_ON_A_HAPPY_FACE
both,exact,334,PUTTIN_ON_THE_RITZ,664,PUTTIN_ON_THE_RITZ
both,exact,335,RAGGIN_THE_SCALE,672,RAGGIN_THE_SCALE
both,exact,335,RAIN,666,RAIN
both,exact,335,RAINCHECK,666,RAINCHECK
both,exact,336,RAY_S_IDEA,668,RAYS_IDEA
both,exact,336,READY_FOR_THE_RIVER,668,READY_FOR_THE_RIVER
both,exact,336,REALLY_THE_BLUES,665,REALLY_THE_BLUES
both,exact,336,RED_CROSS,670,RED_CROSS
both,fuzzy:1.00,337,RECADO_BOSSA_NOVA,667,RECADO
both,manual,337,RED_HOT_MAMMA,670,RED_HOW_MAMA
both,exact,337,RED_RIVER_VALLEY,669,RED_RIVER_VALLEY
both,exact,337,RED_ROSES_FOR_A_BLUE_LADY,669,RED_ROSES_FOR_A_BLUE_LADY
both,exact,338,RED_SAILS_IN_THE_SUNSET,671,RED_SAILS_IN_THE_SUNSET
both,exact,338,RELAXIN_AT_CAMARILLO,671,RELAXIN_AT_CAMARILLO
both,exact,338,RENT_PARTY_BLUES,673,RENT_PARTY_BLUES
both,exact,339,REVOLUTIONARY_BLUES,675,REVOLUTIONARY_BLUES
both,exact,339,RHYTHM_IN_MY_NURSERY_RHYMES,674,RHYTHM_IN_MY_NURSERY_RHYMES
both,exact,339,RHYTHM_IS_OUR_BUSINESS,674,RHYTHM_IS_OUR_BUSINESS
both,exact,339,RING_DEM_BELLS,676,RING_DEM_BELLS
both,exact,339,RHYTHM_A_NING,675,RHYTHM_A_NING
both,exact,340,RIVERBOAT_SHUFFLE,677,RIVER_BOAT_SHUFFLE
both,exact,340,RIVERSIDE_BLUES,679,RIVERSIDE_BLUES
both,exact,340,ROBBINS_NEST,678,ROBBINS_NEST
both,exact,341,RIVER_STAY_WAY_FROM_MY_DOOR,678,RIVER_STAY_WAY_FROM_MY_DOOR
both,fuzzy:1.00,341,ROCK_A_BYE_YOUR_BABY_WITH_A_DIXIE_MELODY,680,ROCK_A_BYE_YOUR_BABY_WITH_A_DIXIE
both,exact,341,ROLL_ON_MISSISSIPPI_ROLL_ON,682,ROLL_ON_MISSISSIPPI_ROLL_ON
both,exact,342,ROCKIN_CHAIR,680,ROCKIN_CHAIR
both,exact,342,ROCKIN_IN_RHYTHM,681,ROCKIN_IN_RHYTHM
both,exact,343,ROOM_RENT_BLUES,683,ROOM_RENT_BLUES
both,exact,343,ROSALIE,684,ROSALIE
both,exact,344,ROSE_MARIE,685,ROSE_MARIE
both,exact,344,ROSE_OF_THE_RIO_GRANDE,685,ROSE_OF_THE_RIO_GRANDE
both,exact,344,ROSE_OF_WASHINGTON_SQUARE,686,ROSE_OF_WASHINGTON_SQUARE
both,exact,344,ROSE_ROOM,686,ROSE_ROOM
both,exact,345,ROSES_OF_PICARDY,687,ROSES_OF_PICARDY
both,exact,345,ROSETTA,687,ROSETTA
both,exact,345,ROUND_ABOUT_MIDNIGHT,688,ROUND_ABOUT_MIDNIGHT
both,exact,346,ROYAL_GARDEN_BLUES,690,ROYAL_GARDEN_BLUES
both,exact,346,RUBY,691,RUBY
both,exact,347,RUNNIN_WILD,692,RUNNIN_WILD
both,exact,347,RUSSIAN_LULLABY,693,RUSSIAN_LULLABY
both,fuzzy:0.88,348,SALK_O_WOE,693,SACK_OWOE
both,fuzzy:1.00,348,SAILBOAT_IN_THE_MOONLIGHT_A,694,SAILBOAT_IN_THE_MOONLIGHT
both,exact,348,SAINT_JAMES_INFIRMARY,694,SAINT_JAMES_INFIRMARY
both,exact,348,SAINT_LOUIS_BLUES,695,SAINT_LOUIS_BLUES
both,exact,348,SAINT_THOMAS,695,SAINT_THOMAS
both,exact,349,SALTY_DOG,696,SALTY_DOG
both,exact,349,SAN,699,SAN
both,exact,349,SAN_ANTONIO_ROSE,700,SAN_ANTONIO_ROSE
both,exact,349,SALT_PEANUTS,696,SALT_PEANUTS
both,exact,350,SAN_FRANCISCO,697,SAN_FRANCISCO
both,exact,350,SANTA_CLAUS_IS_COMING_TO_TOWN,702,SANTA_CLAUS_IS_COMING_TO_TOWN
both,exact,350,SATIN_DOLL,705,SATIN_DOLL
both,exact,351,SANTA_CLAUS_BLUES,701,SANTA_CLAUS_BLUES
both,exact,351,SATANIC_BLUES,703,SATANIC_BLUES
both,exact,351,SATAN_TAKES_A_HOLIDAY,702,SATAN_TAKES_A_HOLIDAY
both,exact,352,SATURDAY_NIGHT_FUNCTION,705,SATURDAY_NIGHT_FUNCTION
both,exact,352,SAVE_YOUR_SORROW,706,SAVE_YOUR_SORROW
both,exact,353,SAVE_IT_PRETTY_MAMA,706,SAVE_IT_PRETTY_MAMA
both,exact,353,SAVOY_BLUES,707,SAVOY_BLUES
both,exact,353,SAY_IT_ISN_T_SO,707,SAY_IT_ISNT_SO
both,exact,353,SCRAPPLE_FROM_THE_APPLE,709,SCRAPPLE_FROM_THE_APPLE
both,exact,354,SECOND_TIME_AROUND_THE,709,SECOND_TIME_AROUND
both,fuzzy:1.00,354,SECRET_LOVE_SEE,710,SECRET_LOVE
both,fuzzy:0.90,354,SEE_RIDER_BLUES,710,SEE_SEE_RIDER_BLUES
both,exact,354,SENT_FOR_YOU_YESTERDAY,712,SENT_FOR_YOU_YESTERDAY
both,exact,355,SENSATION,711,SENSATION
both,exact,355,SENTIMENTAL_BABY,712,SENTIMENTAL_BABY
both,exact,356,SENTIMENTAL_JOURNEY,713,SENTIMENTAL_JOURNEY
both,exact,356,SEPTEMBER_IN_THE_RAIN,713,SEPTEMBER_IN_THE_RAIN
both,exact,356,SEPTEMBER_SONG,714,SEPTEMBER_SONG
both,exact,356,SERENADE_IN_BLUE,714,SERENADE_IN_BLUE
both,exact,357,SERMONETTE,715,SERMONETTE
both,exact,357,SEVEN_COME_ELEVEN,715,SEVEN_COME_ELEVEN
both,exact,357,SHADOW_OF_YOUR_SMILE_THE,716,SHADOW_OF_YOUR_SMILE
both,exact,357,SHAKE_THAT_THING,718,SHAKE_THAT_THING
both,exact,358,SHAKE_IT_AND_BREAK_IT,717,SHAKE_IT_AND_BREAK_IT
both,fuzzy:0.97,358,SHANGAI_SHUFFLE,718,SHANGHAI_SHUFFLE
both,exact,358,SHINE,721,SHINE
both,exact,359,SHAW_NUFF,698,SHAW_NUFF
both,exact,359,SHEIK_OF_ARABY_THE,719,SHEIK_OF_ARABY
both,exact,359,SHINE_ON_HARVEST_MOON,722,SHINE_ON_HARVEST_MOON
both,exact,360,SHE_S_FUNNY_THAT_WAY,720,SHE_S_FUNNY_THAT_WAY
both,exact,360,SHIM_ME_SHA_WABBLE,721,SHIM_ME_SHA_WABBLE
both,exact,360,SHOULD_I,724,SHOULD_I
both,exact,361,SHINY_STOCKINGS,722,SHINY_STOCKINGS
both,exact,361,SHOE_SHINE_BOY,723,SHOE_SHINE_BOY
both,exact,361,SHORTY_GEORGE,723,SHORTY_GEORGE
both,exact,361,SHOW_ME_THE_WAY_TO_GO_HOME,725,SHOW_ME_THE_WAY_TO_GO_HOME
both,exact,362,SHREVEPORT_STOMP,708,SHREVEPORT_STOMP
both,exact,362,SIDE_BY_SIDE,726,SIDE_BY_SIDE
both,exact,363,SHOUT_EM_AUNT_TILLIE,724,SHOUTEM_AUNT_TILLIE
both,exact,363,SIDEWALK_BLUES,727,SIDEWALK_BLUES
both,exact,364,SIDEWALKS_OF_NEW_YORK_THE,728,SIDEWALKS_OF_NEW_YORK
both,exact,364,SINCE_MY_BEST_GAL_TURNED_ME_DOWN,729,SINCE_MY_BEST_GAL_TURNED_ME_DOWN
both,exact,364,SING_YOU_SINNERS,730,SING_YOU_SINNERS
both,exact,365,SINGING_THE_BLUES,731,SINGING_THE_BLUES
both,exact,365,SINGIN_IN_THE_RAIN,731,SINGIN_IN_THE_RAIN
both,exact,365,SING_SING_SING,730,SING_SING_SING
both,fuzzy:1.00,365,SINNER_KISSED_AN_ANGEL_A,732,SINNER_KISSED_AN_ANGEL
both,exact,366,SISTER_SADIE,732,SISTER_SADIE
both,exact,366,SI_TU_VOIS_MA_MERE,733,SI_TU_VOIS_MA_MERE
both,exact,367,SKYLARK,734,SKYLARK
both,exact,367,SLAP_THAT_BASS,734,SLAP_THAT_BASS
both,exact,367,SLEEPY_LAGOON,735,SLEEPY_LAGOON
both,exact,368,SLEEP,735,SLEEP
both,exact,368,SLEEPY_TIME_GAL,736,SLEEPY_TIME_GAL
both,exact,368,SMILES,738,SMILES
both,exact,369,SMALL_FRY,737,SMALL_FRY
both,exact,369,SMILE_DARN_YA_SMILE,738,SMILE_DARN_YA_SMILE
both,exact,369,SMOKE_GETS_IN_YOUR_EYES,739,SMOKE_GETS_IN_YOUR_EYES
both,exact,370,SMOKE_RINGS,739,SMOKE_RINGS
both,exact,370,SMOKY_MOKES,740,SMOKY_MOKES
both,exact,370,SNAG_IT,741,SNAG_IT
both,fuzzy:0.95,371,A_SMOOTH_ONE,741,SMOOTH_ONE
both,exact,371,SNAKE_HIPS,743,SNAKE_HIPS
both,fuzzy:0.92,371,SOFTLY_AS_IN_A_MORNING_SUNRISE,751,SOFTLY_AS_IN_THE_MORNING_SUNRISE
both,exact,371,SOFT_WINDS,744,SOFT_WINDS
both,exact,372,SNAKE_RAG,742,SNAKE_RAG
both,exact,372,SO_IN_LOVE,744,SO_IN_LOVE
both,exact,373,SOBBIN_BLUES,747,SOBBIN_BLUES
both,exact,373,SO_BEATS_MY_HEART_FOR_YOU,751,SO_BEATS_MY_HEART_FOR_YOU
both,exact,373,SOLAR,752,SOLAR
both,exact,374,SOLITUDE,752,SOLITUDE
both,exact,374,SOMEBODY_ELSE_IS_TAKING_MY_PLACE,752,SOMEBODY_ELSE_IS_TAKING_MY_PLACE
both,exact,374,SOMEBODY_STOLE_MY_GAL,753,SOMEBODY_STOLE_MY_GAL
both,exact,375,SOMEDAY_MY_PRINCE_WILL_COME,754,SOMEDAY_MY_PRINCE_WILL_COME
both,fuzzy:1.00,375,SOMEDAY,755,SOMEDAY_YOU_LL_BE_SORRY
both,exact,376,SOME_OF_THESE_DAYS,754,SOME_OF_THESE_DAYS
both,exact,376,SOME_OTHER_SPRING,756,SOME_OTHER_SPRING
both,exact,377,SOMEONE_TO_WATCH_OVER_ME,756,SOMEONE_TO_WATCH_OVER_ME
both,exact,377,SOMETHING_TO_LIVE_FOR,757,SOMETHING_TO_LIVE_FOR
both,exact,377,SOMETHING_TO_REMEMBER_YOU_BY,757,SOMETHING_TO_REMEMBER_YOU_BY
both,exact,378,SOMETIMES_I_M_HAPPY,758,SOMETIMES_IM_HAPPY
both,exact,378,SONG_IS_ENDED_THE,759,SONG_IS_ENDED
both,exact,378,SONG_IS_YOU_THE,759,SONG_IS_YOU
both,exact,378,SONG_OF_THE_ISLANDS,760,SONG_OF_THE_ISLANDS
both,exact,379,SONG_OF_THE_WANDERER,760,SONG_OF_THE_WANDERER
both,exact,379,SONNY_BOY,761,SONNY_BOY
both,exact,379,SORRY,763,SORRY
both,exact,380,SOON,762,SOON
both,exact,380,SOPHISTICATED_LADY,762,SOPHISTICATED_LADY
both,exact,380,SO_RARE,745,SO_RARE
both,exact,380,SO_SORRY_PLEASE,749,SO_SORRY_PLEASE
both,exact,381,SOUTH,749,SOUTH
both,exact,381,SOUTHERN_SUNSETS,766,SOUTHERN_SUNSETS
both,exact,382,SOUTH_RAMPART_STREET_PARADE,750,SOUTH_RAMPART_STREET_PARADE
both,exact,383,SOUTH_OF_THE_BORDER,764,SOUTH_OF_THE_BORDER
both,exact,383,SPANISH_SHAWL,767,SPANISH_SHAWL
both,exact,384,SPEAK_LOW,768,SPEAK_LOW
both,exact,384,S_POSIN,769,S_POSIN
both,exact,384,SQUATTY_ROO,770,SQUATTY_ROO
both,exact,385,SPRING_IS_HERE,769,SPRING_IS_HERE
both,fuzzy:0.98,385,SPRING_WILL_BE_A_LITTLE_LATE_THIS_YEAR,770,SPRING_WILL_BE_A_LITTLE_LATER_THIS_YEAR
both,exact,385,SQUEEZE_ME,772,SQUEEZE_ME
both,exact,386,STABLEMATES,771,STABLE_MATES
both,exact,386,STAIRWAY_TO_THE_STARS,772,STAIRWAY_TO_THE_STARS
both,exact,386,STARDUST,775,STARDUST
both,exact,387,STAMPEDE_THE,773,STAMPEDE
both,exact,388,STAR_EYES,774,STAR_EYES
both,fuzzy:0.97,388,STAR_FELL_ON_ALABAMA,774,STARS_FELL_ON_ALABAMA
both,exact,388,STAY_AS_SWEET_AS_YOU_ARE,777,STAY_AS_SWEET_AS_YOU_ARE
both,exact,388,STEALIN_APPLES,777,STEALIN_APPLES
both,exact,389,STATIC_STRUT,776,STATIC_STRUT
both,exact,389,STELLA_BY_STARLIGHT,779,STELLA_BY_STARLIGHT
both,exact,390,STEAMBOAT_STOMP,778,STEAMBOAT_STOMP
both,exact,390,STEEPLE_CHASE,779,STEEPLE_CHASE
both,exact,390,STOLEN_MOMENTS,780,STOLEN_MOMENTS
both,exact,391,STOMPIN_AT_THE_SAVOY,781,STOMPIN_AT_THE_SAVOY
both,exact,391,STOMP_OFF_LET_S_GO,782,STOMP_OFF_LETS_GO
both,exact,392,STOMPY_JONES,781,STOMPY_JONES
both,exact,392,STORMY_WEATHER,783,STORMY_WEATHER
both,exact,392,STRAIGHT_NO_CHASER,783,STRAIGHT_NO_CHASER
both,exact,392,STRANGE_FRUIT,784,STRANGE_FRUIT
both,exact,393,STRANGER_ON_THE_SHORE,784,STRANGER_ON_THE_SHORE
both,exact,393,STREET_OF_DREAMS,785,STREET_OF_DREAMS
both,exact,393,STRUTTIN_WITH_SOME_BARBECUE,787,STRUTTIN_WITH_SOME_BARBECUE
both,exact,394,STRIKE_UP_THE_BAND,785,STRIKE_UP_THE_BAND
both,exact,394,STROLLIN,786,STROLLIN
both,exact,394,STRUT_MISS_LIZZIE,786,STRUT_MISS_LIZZIE
both,exact,395,STUFFY,788,STUFFY
both,exact,395,STUMBLING,788,STUMBLING
both,exact,395,SUGAR_FOOT_STRUT,790,SUGAR_FOOT_STRUT
both,exact,396,SUGAR,791,SUGAR
both,exact,396,SUGAR_BLUES,789,SUGAR_BLUES
both,fuzzy:1.00,396,SUNDAY_KIND_OF_LOVE_A,793,SUNDAY_KIND_OF_LOVE
both,exact,397,SULTRY_SERENADE,792,SULTRY_SERENADE
both,exact,397,SUMMERTIME,793,SUMMERTIME
both,exact,397,SUNDAY,794,SUNDAY
both,exact,398,SURREY_WITH_A_FRINGE_ON_TOP_THE,797,SURREY_WITH_A_FRINGE_ON_TOP
both,exact,399,SUNNY,792,SUNNY
both,exact,399,SWANEE,798,SWANEE
both,exact,399,SWANEE_RIVER,798,SWANEE_RIVER
both,exact,400,SWEEDISH_PASTRY,799,SWEEDISH_PASTRY
both,exact,400,SWEET_AND_HOT,799,SWEET_AND_HOT
both,exact,400,SWEET_AND_LOVELY,800,SWEET_AND_LOVELY
both,fuzzy:0.96,401,SWEET_AND_LOW,800,SWEET_AND_SLOW
both,fuzzy:0.92,401,SWEET_EMALINA,801,SWEET_EMMALING
both,exact,401,SWEET_GEORGIA_BROWN,802,SWEET_GEORGIA_BROWN
both,exact,402,SWEETHEART_OF_SIGMA_CHI,808,SWEETHEART_OF_SIGMA_CHI
both,exact,402,SWEET_LORRAINE,803,SWEET_LORRAINE
both,exact,403,SWEETHEARTS_ON_PARADE,803,SWEETHEARTS_ON_PARADE
both,fuzzy:0.95,403,SWEET_MAMA,804,SWEET_MAMMA
both,exact,404,SWEET_MAN,805,SWEET_MAN
both,exact,404,SWEET_SAVANNAH_SUE,806,SWEET_SAVANNAH_SUE
both,exact,404,SWEET_SUE,807,SWEET_SUE
both,exact,405,SWING_BROTHER_SWING,811,SWING_BROTHER_SWING
both,fuzzy:1.00,405,SWING_GUITAR,812,SWING_GUITARS
both,exact,405,SWINGIN_DOWN_THE_LANE,812,SWINGIN_DOWN_THE_LANE
both,exact,405,SWING_42,811,SWING_42
both,exact,406,SWINGING_ON_A_STAR,814,SWINGING_ON_A_STAR
both,exact,406,SWING_LOW_SWEET_CHARIOT,814,SWING_LOW_SWEET_CHARIOT
both,exact,406,SWING_39,810,SWING_39
both,exact,406,SWINGIN_THE_BLUES,814,SWINGIN_THE_BLUES
both,exact,407,SWING_THAT_MUSIC,810,SWING_THAT_MUSIC
both,exact,407,S_WONDERFUL,815,S_WONDERFUL
both,exact,408,TAILGATE_RAMBLE,816,TAILGATE_RAMBLE
both,exact,408,TAIN_T_NOBODY_S_BIZ_NESS_IF_I_DO,817,TAINT_NOBODYS_BIZNESS_IF_I_DO
both,exact,408,TAKE_FIVE,818,TAKE_FIVE
both,exact,409,TAIN_T_WHAT_YOU_DO,817,TAINT_WHAT_YOU_DO
both,exact,409,TAKE_THE_A_TRAIN,818,TAKE_THE_A_TRAIN
both,exact,409,TAKE_YOUR_TOMORROW,819,TAKE_YOUR_TOMORROW
both,exact,409,TANGERINE,821,TANGERINE
both,exact,410,TAKING_A_CHANCE_ON_LOVE,819,TAKING_A_CHANCE_ON_LOVE
both,exact,410,TAMPEEKOE,820,TAMPEEKOE
both,exact,410,TAPS_MILLER,821,TAPS_MILLER
both,exact,411,TEA_FOR_TWO,822,TEA_FOR_TWO
both,exact,411,TEMPTATION,824,TEMPTATION
both,exact,411,TERRIBLE_BLUES,825,TERRIBLE_BLUES
both,exact,412,TEMPTATION_RAG,823,TEMPTATION_RAG
both,exact,412,TENDERLY,825,TENDERLY
both,exact,412,TEXAS_MOANER_BLUES,826,TEXAS_MOANER_BLUES
both,exact,413,THANKS_A_MILLION,826,THANKS_A_MILLION
both,exact,413,THANKS_FOR_THE_MEMORY,827,THANKS_FOR_THE_MEMORY
both,exact,413,THAT_DADA_STRAIN,827,THAT_DA_DA_STRAIN
both,exact,413,THAT_LUCKY_OLD_SUN,828,THAT_LUCKY_OLD_SUN
both,exact,414,THAT_OLD_FEELING,828,THAT_OLD_FEELING
both,exact,414,THAT_RHYTHM_MAN,831,THAT_RHYTHM_MAN
both,exact,415,THAT_OLD_GANG_OF_MINE,830,THAT_OLD_GANG_OF_MINE
both,exact,415,THAT_S_ALL,831,THATS_ALL
both,fuzzy:1.00,415,THAT_S_MY_WEAKNESS_NOW,833,THATS_MY_WEAKNESS
both,exact,416,THAT_S_A_PLENTY,830,THATS_A_PLENTY
both,exact,416,THAT_S_MY_DESIRE,832,THAT_S_MY_DESIRE
both,exact,416,THAT_S_MY_HOME,832,THAT_S_MY_HOME
both,exact,417,THEM_THERE_EYES,836,THEM_THERE_EYES
both,exact,417,THEN_I_LL_BE_HAPPY,834,THEN_I_LL_BE_HAPPY
both,fuzzy:0.95,418,THERE_LL_BE_A_HOT_TIME_IN_THE_OLD_TOWN_TONIGHT,313,THERELL_BE_A_NOT_TIME_IN_THE_OLD
both,exact,418,THERE_LL_BE_SOME_CHANGES_MADE,838,THERE_LL_BE_SOME_CHANGES_MADE
both,exact,418,THERE_S_A_LULL_IN_MY_LIFE,840,THERE_S_A_LULL_IN_MY_LIFE
both,exact,419,THERE_S_A_RAINBOW_ROUND_MY_SHOULDER,840,THERE_S_A_RAINBOW_ROUND_MY_SHOULDER
both,exact,419,THERE_S_A_SMALL_HOTEL,841,THERES_A_SMALL_HOTEL
both,exact,420,THERE_WILL_NEVER_BE_ANOTHER_YOU,839,THERE_WILL_NEVER_BE_ANOTHER_YOU
both,exact,420,THESE_FOOLISH_THINGS,839,THESE_FOOLISH_THINGS
both,exact,420,THEY_ALL_LAUGHED,842,THEY_ALL_LAUGHED
both,exact,421,THEY_CAN_T_TAKE_THAT_AWAY_FROM_ME,843,THEY_CAN_T_TAKE_THAT_AWAY_FROM_ME
both,exact,421,THEY_DIDN_T_BELIEVE_ME,843,THEY_DIDNT_BELIEVE_ME
both,exact,421,THEY_SAY_IT_S_WONDERFUL,844,THEY_SAY_ITS_WONDERFUL
both,exact,422,THINGS_AIN_T_WHAT_THEY_USED_TO_BE,844,THINGS_AIN_T_WHAT_THEY_USED_TO_BE
both,exact,422,THINGS_WE_DID_LAST_SUMMER_THE,845,THINGS_WE_DID_LAST_SUMMER
both,exact,423,THIS_CAN_T_BE_LOVE,845,THIS_CANT_BE_LOVE
both,exact,423,THIS_IS_ALWAYS,846,THIS_IS_ALWAYS
both,exact,423,THIS_LOVE_OF_MINE,846,THIS_LOVE_OF_MINE
both,exact,424,THIS_YEAR_S_KISSES,846,THIS_YEAR_S_KISSES
both,exact,424,THRILL_IS_GONE_THE,847,THE_THRILL_IS_GONE
both,exact,425,THOU_SWELL,847,THOU_SWELL
both,exact,425,THREE_LITTLE_WORDS,847,THREE_LITTLE_WORDS
both,exact,425,TICKLE_TOE,850,TICKLE_TOE
both,exact,426,TIA_JUANA,849,TIA_JUANA
both,exact,426,TILL_THERE_WAS_YOU,850,TILL_THERE_WAS_YOU
both,exact,426,TILL_WE_MEET_AGAIN,852,TILL_WE_MEET_AGAIN
both,exact,427,TIGER_RAG,851,TIGER_RAG
both,exact,427,TIME_AFTER_TIME,852,TIME_AFTER_TIME
both,exact,428,TIME_ON_MY_HANDS,853,TIME_ON_MY_HANDS
both,exact,428,TIME_WAS,853,TIME_WAS
both,exact,428,TIN_TIN_DEO,854,TIN_TIN_DEO
both,exact,429,TIN_ROOF_BLUES,854,TIN_ROOF_BLUES
both,exact,429,TI_PI_TIN,848,TI_PI_TIN
both,exact,429,TIS_AUTUMN,855,TIS_AUTUMN
both,fuzzy:0.93,430,TISHOMINGO_BLUES,856,TISHAMINGO_BLUES
both,fuzzy:1.00,430,TISKET_A_TASKET_A,856,TISKET_A_TASKET
both,exact,430,TOGETHER,219,TOGETHER
both,exact,430,TOM_CAT_BLUES,858,TOM_CAT_BLUES
both,exact,431,TOO_BUSY,859,TOO_BUSY
both,exact,431,TOO_CLOSE_FOR_COMFORT,860,TOO_CLOSE_FOR_COMFORT
both,exact,431,TOO_LATE_NOW,860,TOO_LATE_NOW
both,exact,431,TOP_HAT_WHITE_TIE_AND_TAILS,862,TOP_HAT_WHITE_TIE_AND_TAILS
both,exact,432,TOO_MARVELOUS_FOR_WORDS,861,TOO_MARVELOUS_FOR_WORDS
both,exact,432,TOOT_TOOT_TOOTSIE,861,TOOT_TOOT_TOOTSIE
both,exact,432,TOPSY,862,TOPSY
both,exact,432,TOUCH_OF_YOUR_LIPS_THE,863,THE_TOUCH_OF_YOUR_LIPS
both,exact,433,TOUR_DE_FORCE,863,TOUR_DE_FORCE
both,exact,433,TRAV_LIN_ALL_ALONE,864,TRAVLIN_ALL_ALONE
both,exact,433,TREES,865,TREES
both,exact,434,TRAV_LIN_LIGHT,864,TRAVLIN_LIGHT
both,exact,434,TROUBLE_IN_MIND,865,TROUBLE_IN_MIND
both,exact,434,TRUCKIN,867,TRUCKIN
both,exact,435,TROMBONE_RAG,866,TROMBONE_RAG
both,exact,436,TRUE_BLUE_LOU,868,TRUE_BLUE_LOU
both,exact,436,TRY_A_LITTLE_TENDERNESS,868,TRY_A_LITTLE_TENDERNESS
both,exact,436,TUNE_UP,869,TUNE_UP
both,exact,436,TURN_ON_THE_HEAT,869,TURN_ON_THE_HEAT
both,exact,437,TUXEDO_JUNCTION,870,TUXEDO_JUNCTION
both,fuzzy:0.97,437,TWELTH_STREET_RAG,870,TWELFTH_STREET_RAG
both,fuzzy:1.00,437,TWO_NINETEEN,871,TWONINETEEN_BLUES
both,exact,437,TWO_SLEEPY_PEOPLE,871,TWO_SLEEPY_PEOPLE
both,exact,438,UNDECIDED,872,UNDECIDED
both,exact,438,UNDER_A_BLANKET_OF_BLUE,872,UNDER_A_BLANKET_OF_BLUE
both,exact,438,UNFORGETTABLE,873,UNFORGETTABLE
both,fuzzy:0.96,438,UNTIL_THE_REAL_THINGS_COMES_ALONG_IT_WILL_HAVE_TO_DO,873,UNTIL_THE_REAL_THING_COMES_ALONG
both,exact,439,VALSE_HOT,874,VALSE_HOT
both,exact,439,VARSITY_DRAG_THE,874,VARSITY_DRAG
both,exact,439,VERY_THOUGHT_OF_YOU,875,THE_VERY_THOUGHT_OF_YOU
both,exact,440,VIOLETS_FOR_YOUR_FURS,876,VIOLETS_FOR_YOUR_FURS
both,exact,440,VOLARE,877,VOLARE
both,exact,441,WABASH_BLUES,878,WABASH_BLUES
both,exact,441,WAITING_AT_THE_END_OF_THE_ROAD,879,WAITING_AT_THE_END_OF_THE_ROAD
both,exact,441,WALKIN,880,WALKIN
both,exact,442,WAITING_FOR_THE_ROBERT_E_LEE,880,WAITING_FOR_THE_ROBERT_E_LEE
both,fuzzy:0.98,442,WALKIN_MY_BABY_BACK_HOME,882,WALKING_MY_BABY_BACK_HOME
both,fuzzy:1.00,442,WALK_THROUGH_THE_STREETS_OF_THE_CITY_WE_SHALL,881,WALK_THROUGH_THE_STREETS_OF_THE_CITY
both,exact,443,WALKIN_SHOES,881,WALKIN_SHOES
both,exact,443,WANG_WANG_BLUES_THE,883,WANG_WANG_BLUES
both,exact,443,WASHBOARD_WIGGLES,884,WASHBOARD_WIGGLES
both,exact,444,WARM_VALLEY,884,WARM_VALLEY
both,exact,444,WATERMELON_MAN,886,WATERMELON_MAN
both,exact,444,WASHINGTON_AND_LEE_SWING,885,WASHINGTON_AND_LEE_SWING
both,exact,445,WATCH_WHAT_HAPPENS,886,WATCH_WHAT_HAPPENS
both,exact,445,WAVE,887,WAVE
both,exact,445,WAY_DOWN_YONDER_IN_NEW_ORLEANS,888,WAY_DOWN_YONDER_IN_NEW_ORLEANS
both,exact,446,WAY_YOU_LOOK_TONIGHT_THE,889,WAY_YOU_LOOK_TONIGHT
both,exact,446,WEARY_BLUES,891,WEARY_BLUES
both,exact,446,WEARY_WAY_BLUES,892,WEARY_WAY_BLUES
both,exact,447,WEATHER_BIRD_RAG,893,WEATHER_BIRD_RAG
both,exact,447,WEE,892,WEE
both,exact,447,WE_LL_BE_TOGETHER_AGAIN,894,WELL_BE_TOGETHER_AGAIN
both,exact,448,WEE_DOT,894,WEE_DOT
both,exact,448,WELL_YOU_NEEDN_T,895,WELL_YOU_NEEDN_T
both,exact,448,WEST_END_BLUES,896,WEST_END_BLUES
both,exact,448,WEST_COAST_BLUES,895,WEST_COAST_BLUES
both,exact,449,WEST_INDIES_BLUES,890,WEST_INDIES_BLUES
both,exact,449,WE_THREE,890,WE_THREE
both,exact,449,WHAT_A_LITTLE_MOONLIGHT_CAN_DO,898,WHAT_A_LITTLE_MOONLIGHT_CAN_DO
both,exact,450,WHAT_A_DIFFERENCE_A_DAY_MADE,898,WHAT_A_DIFFERENCE_A_DAY_MADE
both,exact,450,WHAT_AM_I_HERE_FOR,899,WHAT_AM_I_HERE_FOR
both,exact,450,WHAT_ARE_YOU_DOING_THE_REST_OF_YOUR_LIFE,899,WHAT_ARE_YOU_DOING_THE_REST_OF_YOUR_LIFE
both,exact,450,WHAT_CAN_I_SAY_AFTER_I_SAY_I_M_SORRY,900,WHAT_CAN_I_SAY_AFTER_I_SAY_IM_SORRY
both,exact,451,WHAT_GOOD_AM_I_WITHOUT_YOU,900,WHAT_GOOD_AM_I_WITHOUT_YOU
both,exact,451,WHAT_IS_THERE_TO_SAY,901,WHAT_IS_THERE_TO_SAY
both,exact,451,WHAT_IS_THIS_THING_CALLED_LOVE,901,WHAT_IS_THIS_THING_CALLED_LOVE
both,exact,452,WHAT_KIND_OF_FOOL_AM_I,902,WHAT_KIND_OF_FOOL_AM_I
both,exact,452,WHAT_LL_I_DO,902,WHATLL_I_DO
both,exact,452,WHAT_S_NEW,903,WHAT_S_NEW
both,exact,452,WHEN_A_WOMAN_LOVES_A_MAN,904,WHEN_A_WOMAN_LOVES_A_MAN
both,exact,453,WHEN_DAY_IS_DONE,906,WHEN_DAY_IS_DONE
both,exact,453,WHAT_S_THE_REASON,903,WHATS_THE_REASON
both,fuzzy:0.97,453,WHEN_BUDDA_SMILES,905,WHEN_BUDDHA_SMILES
both,exact,454,WHEN_ERASTUS_PLAYS_HIS_OLD_KAZOO,905,WHEN_ERASTUS_PLAYS_HIS_OLD_KAZOO
both,exact,454,WHEN_I_FALL_IN_LOVE,907,WHEN_I_FALL_IN_LOVE
both,exact,454,WHEN_I_GROW_TOO_OLD_TO_DREAM,907,WHEN_I_GROW_TOO_OLD_TO_DREAM
both,exact,455,WHEN_I_TAKE_MY_SUGAR_TO_TEA,908,WHEN_I_TAKE_MY_SUGAR_TO_TEA
both,exact,455,WHEN_IT_S_SLEEPY_TIME_DOWN_SOUTH,908,WHEN_ITS_SLEEPY_TIME_DOWN_SOUTH
both,fuzzy:0.96,455,WHEN_JOHNNY_COMES_MARCHIN_HOME,909,WHEN_JOHHNY_COMES_MARCHIN_HOME
both,exact,455,WHEN_LIGHTS_ARE_LOW,909,WHEN_LIGHTS_ARE_LOW
both,exact,456,WHEN_MY_BABY_SMILES_AT_ME,910,WHEN_MY_BABY_SMILES_AT_ME
both,exact,456,WHEN_MY_DREAMBOAT_COMES_HOME,910,WHEN_MY_DREAMBOAT_COMES_HOME
both,exact,456,WHEN_SUNNY_GETS_BLUE,911,WHEN_SUNNY_GETS_BLUE
both,exact,457,WHEN_MY_SUGAR_WALKS_DOWN_THE_STREET,911,WHEN_MY_SUGAR_WALKS_DOWN_THE_STREET
both,fuzzy:0.89,457,WHEN_THE_RED_RED_ROBIN_COMES_BOB_BOB_BOBBIN_ALONG,912,WHEN_THE_RED_RE_ROBIN_COMES_BOP_BOP_BOPPIN_ALONG
both,exact,457,WHEN_THE_SAINTS_GO_MARCHING_IN,912,WHEN_THE_SAINTS_GO_MARCHING_IN
both,exact,457,WHEN_YOU_AND_I_WERE_YOUNG_MAGGIE,913,WHEN_YOU_AND_I_WERE_YOUNG_MAGGIE
both,exact,458,WHEN_YOU_RE_SMILING,913,WHEN_YOURE_SMILING
both,exact,458,WHEN_YOUR_LOVER_HAS_GONE,916,WHEN_YOUR_LOVER_HAS_GONE
both,exact,458,WHEN_YOU_WISH_UPON_A_STAR,914,WHEN_YOU_WISH_UPON_A_STAR
both,exact,459,WHEN_YOU_WORE_A_TULIP,915,WHEN_YOU_WORE_A_TULIP
both,exact,459,WHERE_ARE_YOU,914,WHERE_ARE_YOU
both,exact,459,WHERE_IS_THE_SUN,919,WHERE_IS_THE_SUN
both,exact,460,WHERE_OR_WHEN,919,WHERE_OR_WHEN
both,exact,460,WHIFFENPOOF_SONG_THE,920,WHIFFENPOOF_SONG
both,exact,460,WHILE_WE_RE_YOUNG,921,WHILE_WERE_YOUNG
both,exact,461,WHISPERING,921,WHISPERING
both,exact,461,WHISPER_NOT,922,WHISPER_NOT
both,exact,461,WHO,923,WHO
both,fuzzy:0.96,462,WHITE_CHRISMAS,922,WHITE_CHRISTMAS
both,exact,462,WHOA_BABE,926,WHOA_BABE
both,exact,462,WHO_CAN_I_TURN_TO,923,WHO_CAN_I_TURN_TO
both,exact,462,WHO_WALKS_IN_WHEN_I_WALK_OUT,924,WHO_WALKS_IN_WHEN_I_WALK_OUT
both,exact,463,WHO_CARES,924,WHO_CARES
both,exact,463,WHO_S_SORRY_NOW,927,WHOS_SORRY_NOW
both,exact,463,WHY_DO_I_LOVE_YOU,928,WHY_DO_I_LOVE_YOU
both,exact,464,WHY_WAS_I_BORN,543,WHY_WAS_I_BORN
both,exact,464,WILD_MAN_BLUES,930,WILD_MAN_BLUES
both,exact,465,WILLIE_THE_WEEPER,931,WILLIE_THE_WEEPER
both,fuzzy:1.00,465,WILD_CAT_BLUES_PART1,929,WILD_CAT_BLUES
both,exact,466,WILLOW_TREE,932,WILLOW_TREE
both,exact,467,WHY_DON_T_YOU_DO_RIGHT,543,WHY_DONT_YOU_DO_RIGHT
both,exact,467,WILLOW_WEEP_FOR_ME,932,WILLOW_WEEP_FOR_ME
both,exact,467,WININ_BOY_BLUES,933,WININ_BOY_BLUES
both,exact,468,WILL_YOU_STILL_BE_MINE,933,WILL_YOU_STILL_BE_MINE
both,exact,468,WINTER_WONDERLAND,934,WINTER_WONDERLAND
both,exact,468,WITH_A_SONG_IN_MY_HEART,935,WITH_A_SONG_IN_MY_HEART
both,exact,469,WITCHCRAFT,934,WITCHCRAFT
both,exact,469,WITHOUT_A_SONG,935,WITHOUT_A_SONG
both,exact,469,WORKING_MAN_BLUES,938,WORKING_MAN_BLUES
both,exact,470,WOLVERINE_BLUES,936,WOLVERINE_BLUES
both,exact,470,WOODY_N_YOU,938,WOODY_N_YOU
both,exact,470,WORLD_IS_WAITING_FOR_THE_SUNRISE_THE,937,WORLD_IS_WAITING_FOR_THE_SUNRISE
both,exact,471,WORK_SONG,937,WORK_SONG
both,exact,471,WOULD_YOU_LIKE_TO_TAKE_A_WALK,939,WOULD_YOU_LIKE_TO_TAKE_A_WALK
both,exact,471,WRAP_YOUR_TROUBLES_IN_DREAMS,940,WRAP_YOUR_TROUBLES_IN_DREAMS
both,exact,472,YAAKA_HULA_HICKEY_DULA,942,YAAKA_HULA_HICKEY_DULA
both,exact,472,YARDBIRD_SUITE,943,YARDBIRD_SUITE
both,exact,472,YES_SIR_THAT_S_MY_BABY,943,YES_SIR_THATS_MY_BABY
both,exact,473,YELLOW_DOG_BLUES_THE,944,YELLOW_DOG_BLUES
both,exact,473,YESTERDAYS,944,YESTERDAYS
both,exact,473,YES_WE_HAVE_NO_BANANAS,945,YES_WE_HAVE_NO_BANANAS
both,exact,474,YOU_ALWAYS_HURT_THE_ONE_YOU_LOVE,945,YOU_ALWAYS_HURT_THE_ONE_YOU_LOVE
both,exact,474,YOU_AND_THE_NIGHT_AND_THE_MUSIC,946,YOU_AND_THE_NIGHT_AND_THE_MUSIC
both,exact,474,YOU_ARE_MY_LUCKY_STAR,946,YOU_ARE_MY_LUCKY_STAR
both,exact,474,YOU_ARE_TOO_BEAUTIFUL,948,YOU_ARE_TOO_BEAUTIFUL
both,exact,475,YOU_ARE_MY_SUNSHINE,947,YOU_ARE_MY_SUNSHINE
both,exact,475,YOU_ARE_THE_SUNSHINE_OF_MY_LIFE,947,YOU_ARE_THE_SUNSHINE_OF_MY_LIFE
both,fuzzy:1.00,475,YOU_BROUGHT_A_NEW_KIND_OF_LOVE_TO_ME,949,YOU_BROUGHT_A_NEW_KIND_OF_LOVE
both,exact,475,YOU_CALL_IT_MADNESS,950,YOU_CALL_IT_MADNESS
both,exact,476,YOU_BETTER_GO_NOW,948,YOU_BETTER_GO_NOW
both,exact,476,YOU_CAN_T_DO_WHAT_MY_LAST_MAN_DID,951,YOU_CAN_T_DO_WHAT_MY_LAST_MAN_DID
both,exact,477,YOU_DO_SOMETHING_TO_ME,952,YOU_DO_SOMETHING_TO_ME
both,exact,477,YOU_LEAVE_ME_BREATHLESS,952,YOU_LEAVE_ME_BREATHLESS
both,exact,478,YOU_MADE_ME_LOVE_YOU,953,YOU_MADE_ME_LOVE_YOU
both,fuzzy:0.98,478,YOU_MAKE_ME_FEEL_SO_YOUNG,953,WYOU_MAKE_ME_FEEL_SO_YOUNG
both,exact,479,YOU_MUST_HAVE_BEEN_A_BEAUTIFUL_BABY,954,YOU_MUST_HAVE_BEEN_A_BEAUTIFUL_BABY
both,exact,479,YOUNGER_THAN_SPRINGTIME,954,YOUNGER_THAN_SPRINGTIME
both,exact,479,YOU_RASCAL_YOU,955,YOU_RASCAL_YOU
both,exact,479,YOUR_CHEATIN_HEART,961,YOUR_CHEATIN_HEART
both,exact,480,YOU_RE_A_LUCKY_GUY,961,YOURE_A_LUCKY_GUY
both,exact,481,YOU_RE_LUCKY_TO_ME,963,YOU_RE_LUCKY_TO_ME
both,exact,481,YOU_RE_MINE_YOU,963,YOURE_MINE_YOU
both,exact,481,YOU_RE_MY_THRILL,964,YOURE_MY_THRILL
both,exact,482,YOU_RE_MY_EVERYTHING,964,YOU_RE_MY_EVERYTHING
both,exact,482,YOU_RE_NEXT,965,YOURE_NEXT
both,exact,482,YOU_RE_NOBODY_TILL_SOMEBODY_LOVES_YOU,966,YOU_RE_NOBODY_TILL_SOMEBODY_LOVES_YOU
both,fuzzy:0.89,482,YOU_RE_THE_CREAM_IN_THE_COFFEE,967,YOURE_THE_CREAM_IN_MY_COFFEE
both,exact,483,YOU_RE_NOT_THE_KIND,966,YOU_RE_NOT_THE_KIND
both,exact,483,YOU_RE_THE_TOP,967,YOU_RE_THE_TOP
both,exact,483,YOURS_AND_MINE,968,YOURS_AND_MINE
both,exact,483,YOU_SHOWED_ME_THE_WAY,956,YOU_SHOWED_ME_THE_WAY
both,exact,484,YOURS_IS_MY_HEART_ALONE,968,YOURS_IS_MY_HEART_ALONE
both,exact,484,YOU_STEPPED_OUT_OF_A_DREAM,956,YOU_STEPPED_OUT_OF_A_DREAM
both,exact,484,YOU_TOOK_ADVANTAGE_OF_ME,957,YOU_TOOK_ADVANTAGE_OF_ME
both,exact,485,YOU_TURNED_THE_TABLES_ON_ME,958,YOU_TURNED_THE_TABLES_ON_ME
both,exact,485,YOU_VE_CHANGED,959,YOU_VE_CHANGED
both,fuzzy:0.95,485,YOU_VE_GOT_TO_SEE_MAMA_EV_RY_NIGHT,970,YOUVE_GOT_TO_SEE_MAMMA_EVRY
both,exact,486,YOU_WERE_MEANT_FOR_ME,959,YOU_WERE_MEANT_FOR_ME
both,exact,486,ZING_WENT_THE_STRINGS_OF_MY_HEART,971,ZING_WENT_THE_STRINGS_OF_MY_HEART
both,exact,487,ZONKY,972,ZONKY
both,exact,487,ZULU_WAIL,972,ZULU_WAIL
chords_only,,7,AFTER_I_SAY_I_M_SORRY,,
chords_only,,12,ALL_GOD_S_CHILLUN_GOT_WINGS,,
chords_only,,23,ATLANTA_BLUES,,
chords_only,,23,AT_LAST,,
chords_only,,23,AT_LONG_LAST_LOVE,,
chords_only,,23,AU_PRIVAVE,,
chords_only,,24,AT_SUNDOWN,,
chords_only,,24,AT_THE_DARKTOWN_STRUTTERS_BALL,,
chords_only,,24,AT_THE_JAZZ_BAND_BALL,,
chords_only,,24,AUNT_HAGAR_S,,
chords_only,,25,AUTUMN_IN_NEW_YORK,,
chords_only,,25,AUTUMN_LEAVES,,
chords_only,,26,AUTUMN_NOCTURNE,,
chords_only,,30,BARNYARD_BLUES,,
chords_only,,37,BIG_WIG_IN_THE_WIGWAM,,
chords_only,,42,BLAME_IT_ON_MY_YOUTH,,
chords_only,,43,BLOWING_BUBBLES,,
chords_only,,43,BLUE_CONCEPT,,
chords_only,,48,BLUES_IN_THIRDS,,
chords_only,,50,BOF_BOF,,
chords_only,,50,BOPLICITY,,
chords_only,,51,BORN_TO_BE_BLUE,,
chords_only,,51,BOULEVARD_OF_BROKEN_DREAMS,,
chords_only,,52,BOY,,
chords_only,,53,BUCKET_S_GOT_A_HOLE_IN_IT,,
chords_only,,54,BUD_S_BUBBLE,,
chords_only,,57,BY,,
chords_only,,61,CANDY,,
chords_only,,76,CLIMAX_RAG,,
chords_only,,77,COFFEE_GRINDER,,
chords_only,,85,CRAZY,,
chords_only,,86,C_T_A,,
chords_only,,88,CYNTHIA_S_IN_LOVE,,
chords_only,,96,DEDICATED_TO_YOU,,
chords_only,,101,DIXIELAND_JAZZ_BAND_ONE_STEP,,
chords_only,,106,DO_WHAT_ORY_SAYS,,
chords_only,,114,EASY_STREET,,
chords_only,,121,FAREWELL_TO_STORYVILLE,,
chords_only,,123,FISH_SELLER,,
chords_only,,125,FOOLIN_MYSELF,,
chords_only,,127,FOOLS_RUSH_IN,,
chords_only,,127,FOR_ALL_WE_KNOW,,
chords_only,,128,FOUR_LEAF_CLOVER,,
chords_only,,136,GHOST_OF_A_CHANCE_WITH_YOU_I_DON_T_STAND_A,,
chords_only,,136,GIRL_NEXT_DOOR_THE,,
chords_only,,138,GLOOMY_SUNDAY,,
chords_only,,139,GLAD_TO_BE_UNHAPPY,,
chords_only,,145,GROOVIN_HIGH,,
chords_only,,146,GRAVY_WALTZ,,
chords_only,,149,HANDFUL_OF_KEYS,,
chords_only,,150,HAVE_A_HEART,,
chords_only,,151,UNTITLED,,
chords_only,,152,HAWAIAN_LOVE_SONG,,
chords_only,,156,HERSHEY_BAR,,
chords_only,,156,HESITATING_BLUES,,
chords_only,,156,HEY_LAWDY_MAMA,,
chords_only,,158,HIT_THAT_JIVE_JACK,,
chords_only,,159,HOME,,
chords_only,,159,HONKY_TONK_TOWN,,
chords_only,,160,HOT_TIME_IN_THE_OLD_TOWN_TONIGHT_THERE_LL_BE_A,,
chords_only,,163,HUCKLE_BUCK_THE,,
chords_only,,169,IDAHO,,
chords_only,,172,I_DIDN_T_KNOW_ABOUT_YOU,,
chords_only,,181,I_LL_BE_GLAD_WHEN_YOU_RE_DEAD_YOU_RASCAL_YOU,,
chords_only,,196,INDIANA_BACK_HOME_AGAIN_IN,,
chords_only,,198,I_NEVER_KNEW,,
chords_only,,198,IN_MY_SOLITUDE,,
chords_only,,211,I_VE_BEEN_WORKING_ON_THE_RAILROAD,,
chords_only,,214,I_VE_NEVER_BEEN_IN_LOVE_BEFORE,,
chords_only,,215,I_WANT_TO_TALK_ABOUT_YOU,,
chords_only,,217,I_WISH_YOU_LOVE,,
chords_only,,218,I_WONDER_WHERE_MY_BABY_IS_TONIGHT,,
chords_only,,224,JOHNSON_RAG,,
chords_only,,231,KEEP_A_SONG_IN_YOUR_SOUL,,
chords_only,,232,KEYHOLE_BLUES,,
chords_only,,232,KING_THE,,
chords_only,,233,KING_PORIER_STOMP,,
chords_only,,235,LAMP_IS_LOW_THE,,
chords_only,,242,LITTLE_ROCK_GATEAWAY,,
chords_only,,242,LITTLE_WHITE_LIES,,
chords_only,,242,LITTLE_WILLIE_LEAPS,,
chords_only,,242,LIVE_AND_LOVE_TONIGHT,,
chords_only,,243,LIVERY_STABLE_BLUES,,
chords_only,,243,LIZA,,
chords_only,,243,LONDONDERRY_AIR_LONESOME,,
chords_only,,253,MAIN_STEM,,
chords_only,,266,MILESTONES,,
chords_only,,269,MISTER_JELLY_LORD,,
chords_only,,272,MOONLIGHT_BECOMES_YOU,,
chords_only,,273,MOON_IS_LOW_THE,,
chords_only,,276,MOSCOW_NIGHTS,,
chords_only,,291,NANCY,,
chords_only,,292,NATURE_BOY,,
chords_only,,292,NEVER_LET_ME_GO,,
chords_only,,293,NEW_ORLEANS_FUNCTION,,
chords_only,,296,NIGHT_HAS_A_THOUSAND_EYES_THE,,
chords_only,,297,NIGHT_WIND,,
chords_only,,299,NO_PROBLEM,,
chords_only,,300,NO_MORE,,
chords_only,,302,OF_ALL_THE_WRONGS_YOU_DONE_TO_ME,,
chords_only,,303,OH_DIDN_T_HE_RAMBLE,,
chords_only,,304,OIGNONS_LES,,
chords_only,,306,OLD_FOLKS_AT_HOME,,
chords_only,,306,OLD_KENTUCKY_HOME,,
chords_only,,306,OLD_TIME_RELIGION_GIVE_ME_THAT,,
chords_only,,313,OPEN_THE_DOOR_RICHARD,,
chords_only,,314,ORIENTAL_STRUT,,
chords_only,,315,ORIGINAL_DIXIELAND_ONE_STEP,,
chords_only,,315,ORY_S_CREOLE_TROMBONE,,
chords_only,,316,ORNITHOLOGY,,
chords_only,,316,O_SOLE_MOI,,
chords_only,,316,OSTRICH_WALK,,
chords_only,,316,OUR_LOVE_IS_HERE_TO_STAY,,
chords_only,,317,OUR_DELIGHT,,
chords_only,,317,OUT_OF_NOWHERE_YOU_CAME_ALONG_FROM,,
chords_only,,317,OUTSKIRTS_OF_TOWN,,
chords_only,,317,OVER_THE_RAINBOW,,
chords_only,,318,OVER_IN,,
chords_only,,318,OVER_THE_WAVES,,
chords_only,,318,OW,,
chords_only,,319,PAGAN_LOVE_SONG,,
chords_only,,319,PAINTING_THE_CLOUDS_WITH_SUNSHINE,,
chords_only,,322,PASTEL,,
chords_only,,327,PLEASE_BE_KIND,,
chords_only,,328,PLEASE_SEND_ME_SOMEONE_TO_LOVE,,
chords_only,,334,QUE_RESTE_T_IL_DE_NOS_AMOURS,,
chords_only,,334,QUIET_NIGHTS_OF_QUIET_STARS,,
chords_only,,339,RHYTHM_MAN,,
chords_only,,343,ROOM_WITH_A_VIEW_A,,
chords_only,,346,RUBY_MY_DEAR,,
chords_only,,349,SAMBA_DE_UMA_NOTA_SO,,
chords_only,,352,SATURDAY_NIGHT,,
chords_only,,353,SAVOYAGER_S_STOMP,,
chords_only,,355,SENOR_BLUES,,
chords_only,,364,SINCE_I_FELL_FOR_YOU,,
chords_only,,366,SIX_OR_SEVEN_TIMES,,
chords_only,,366,SKID_DA_DE_DAT,,
chords_only,,368,SLEEPY_TIME_DOWNSOUTH,,
chords_only,,368,SLOW_BOAT_TO_CHINA,,
chords_only,,369,SMALL_HOTEL,,
chords_only,,375,SOMEBODY_LOVES_ME,,
chords_only,,377,SOMETIMES_I_FEEL_LIKE_A_MOTHERLESS_CHILD,,
chords_only,,379,SONNY_MOON_FOR_TWO,,
chords_only,,389,ST_JAMES_INFIRMARY,,
chords_only,,391,STOLEN_SWEETS,,
chords_only,,397,SUNDAY_MONDAY_OR_ALWAYS,,
chords_only,,398,SUNSET_CAFE_STOMP,,
chords_only,,408,TABOO,,
chords_only,,410,TEACH_ME_TONIGHT,,
chords_only,,414,THAT_ECCENTIC_RAG,,
chords_only,,417,THEME_THE,,
chords_only,,417,THEN_I_LL_BE_TIRED_OF_YOU,,
chords_only,,419,THERE_S_NO_YOU,,
chords_only,,422,THIS_COULD_BE_THE_START_OF_SOMETHING,,
chords_only,,423,THIS_HERE,,
chords_only,,424,THIS_IS_ALL_I_ASK,,
chords_only,,429,TIPPERARY,,
chords_only,,437,TWILIGHT_TIME,,
chords_only,,438,UNTIL_I_MET_YOU,,
chords_only,,453,WHAT_S_YOUR_STORY_MORNING_GLORY,,
chords_only,,466,WILD_CAT_BLUES_PART2,,
chords_only,,472,YAMA_YAMA_MAN,,
chords_only,,476,YOU_CAME_ALONG_FROM_OUT_OF_NOWHERE,,
chords_only,,476,YOU_D_BE_SO_NICE_TO_COME_HOME_TO,,
chords_only,,477,YOU_CAN_DEPEND_ON_ME,,
chords_only,,477,YOU_DON_T_KNOW_WHAT_LOVE_IS,,
chords_only,,478,YOU_GO_TO_MY_HEAD,,
chords_only,,480,YOU_RE_BLASE,,
chords_only,,480,YOU_RE_DRIVING_ME_CRAZY,,
melody_only,,,,98,BOURBON_STREET_PARADE
melody_only,,,,98,THE_BOY_NEXT_DOOR
melody_only,,,,106,BYE_AND_BYE
melody_only,,,,111,C_JAM_BLUES
melody_only,,,,135,CHASIN_THE_BIRD
melody_only,,,,162,CORRINE_CORRINA
melody_only,,,,164,CRAZY_HE_CALLS_ME
melody_only,,,,219,TO_EACH_HIS_OWN
melody_only,,,,239,FALLING_IN_LOVE_WITH_LOVE
melody_only,,,,243,FINE_AND_MELLOW
melody_only,,,,250,FOKAUNEKNOWCL
melody_only,,,,253,FOUR
melody_only,,,,267,I_DONT_STAND_A_GHOST_OF_A_CHANCE
melody_only,,,,269,GIRL_OF_MY_DREAM
melody_only,,,,293,HAPPY_DAYS_ARE_HERE_AGAIN
melody_only,,,,297,HARLEM_NOCTURNE
melody_only,,,,309,HOME_WHEN_SHADOWS_FALL
melody_only,,,,352,I_LOVE_YOU
melody_only,,,,354,BACK_HOME_IN_INDIANA
melody_only,,,,382,I_LL_GET_BY
melody_only,,,,395,IM_GONNA_MOVE_ON_THE_OUTSKIRTS
melody_only,,,,436,IVE_FOUND_A_NEW_BABY
melody_only,,,,585,WJANATUREBA
melody_only,,,,612,GIVE_ME_THAT_OLD_TIME_RELIGION
melody_only,,,,624,ONE_OCLOCK_JUMP
melody_only,,,,632,PANNONICA
melody_only,,,,671,RED_TOP
melody_only,,,,676,RIDE_RED_RIDE
melody_only,,,,689,ROUTE_66
melody_only,,,,700,SANDU
melody_only,,,,704,NIGHT_IN_THE_WEEK
melody_only,,,,746,SO_WHAT
melody_only,,,,753,SOMEBODY_STOLE_MY_GAL
melody_only,,,,755,SOMEDAY_SWEETHEART
melody_only,,,,807,SWEET_SUBSTITUTE
melody_only,,,,829,THAT_OLD_BLACK_MAGIC
melody_only,,,,836,THE_THEME
melody_only,,,,838,THERE_IS_NO_GREATER_LOVE
melody_only,,,,869,TUTTI_FRUTTI
